clip_id,action,user,trial,fold
0_Wash_face/user16/1-1-1,0_Wash_face,user16,1-1-1,1
0_Wash_face/user16/1-1-2,0_Wash_face,user16,1-1-2,1
0_Wash_face/user16/1-1-3,0_Wash_face,user16,1-1-3,1
0_Wash_face/user18/7-1-1,0_Wash_face,user18,7-1-1,3
0_Wash_face/user18/7-1-2,0_Wash_face,user18,7-1-2,3
0_Wash_face/user18/7-1-3,0_Wash_face,user18,7-1-3,3
0_Wash_face/user20/4-2-1,0_Wash_face,user20,4-2-1,0
0_Wash_face/user20/4-2-2,0_Wash_face,user20,4-2-2,0
0_Wash_face/user20/4-2-3,0_Wash_face,user20,4-2-3,0
0_Wash_face/user21/1-1-1,0_Wash_face,user21,1-1-1,1
0_Wash_face/user21/1-1-2,0_Wash_face,user21,1-1-2,1
0_Wash_face/user21/1-1-3,0_Wash_face,user21,1-1-3,1
0_Wash_face/user21/4-2-1,0_Wash_face,user21,4-2-1,1
0_Wash_face/user21/4-2-2,0_Wash_face,user21,4-2-2,1
0_Wash_face/user21/4-2-3,0_Wash_face,user21,4-2-3,1
0_Wash_face/user22/1-1-2,0_Wash_face,user22,1-1-2,1
0_Wash_face/user22/1-1-3,0_Wash_face,user22,1-1-3,1
0_Wash_face/user22/2-2-1,0_Wash_face,user22,2-2-1,1
0_Wash_face/user22/2-2-2,0_Wash_face,user22,2-2-2,1
0_Wash_face/user22/2-2-3,0_Wash_face,user22,2-2-3,1
0_Wash_face/user23/1-1-1,0_Wash_face,user23,1-1-1,2
0_Wash_face/user23/1-1-2,0_Wash_face,user23,1-1-2,2
0_Wash_face/user23/1-1-3,0_Wash_face,user23,1-1-3,2
0_Wash_face/user24/6-2-1,0_Wash_face,user24,6-2-1,3
0_Wash_face/user24/6-2-2,0_Wash_face,user24,6-2-2,3
0_Wash_face/user24/6-2-3,0_Wash_face,user24,6-2-3,3
0_Wash_face/user24/7-1-1,0_Wash_face,user24,7-1-1,3
0_Wash_face/user24/7-1-2,0_Wash_face,user24,7-1-2,3
0_Wash_face/user24/7-1-3,0_Wash_face,user24,7-1-3,3
0_Wash_face/user4/1-1-1,0_Wash_face,user4,1-1-1,0
0_Wash_face/user4/1-1-2,0_Wash_face,user4,1-1-2,0
0_Wash_face/user4/1-1-3,0_Wash_face,user4,1-1-3,0
0_Wash_face/user5/1-1-1,0_Wash_face,user5,1-1-1,0
0_Wash_face/user5/1-1-2,0_Wash_face,user5,1-1-2,0
0_Wash_face/user5/1-1-3,0_Wash_face,user5,1-1-3,0
0_Wash_face/user6/1-1-1,0_Wash_face,user6,1-1-1,3
0_Wash_face/user6/1-1-2,0_Wash_face,user6,1-1-2,3
0_Wash_face/user6/1-1-3,0_Wash_face,user6,1-1-3,3
0_Wash_face/user8/1-1-1,0_Wash_face,user8,1-1-1,2
0_Wash_face/user8/1-1-2,0_Wash_face,user8,1-1-2,2
0_Wash_face/user8/1-1-3,0_Wash_face,user8,1-1-3,2
0_Wash_face/user8/7-1-1,0_Wash_face,user8,7-1-1,2
0_Wash_face/user8/7-1-2,0_Wash_face,user8,7-1-2,2
0_Wash_face/user8/7-1-3,0_Wash_face,user8,7-1-3,2
10_Stir_drinks/user1/2-1-1,10_Stir_drinks,user1,2-1-1,1
10_Stir_drinks/user1/2-1-2,10_Stir_drinks,user1,2-1-2,1
10_Stir_drinks/user1/2-1-3,10_Stir_drinks,user1,2-1-3,1
10_Stir_drinks/user1/3-1-1,10_Stir_drinks,user1,3-1-1,1
10_Stir_drinks/user1/3-1-2,10_Stir_drinks,user1,3-1-2,1
10_Stir_drinks/user1/3-1-3,10_Stir_drinks,user1,3-1-3,1
10_Stir_drinks/user1/4-1-1,10_Stir_drinks,user1,4-1-1,1
10_Stir_drinks/user16/1-2-1,10_Stir_drinks,user16,1-2-1,1
10_Stir_drinks/user16/1-2-2,10_Stir_drinks,user16,1-2-2,1
10_Stir_drinks/user16/1-2-3,10_Stir_drinks,user16,1-2-3,1
10_Stir_drinks/user16/2-1-1,10_Stir_drinks,user16,2-1-1,1
10_Stir_drinks/user16/2-1-2,10_Stir_drinks,user16,2-1-2,1
10_Stir_drinks/user16/2-1-3,10_Stir_drinks,user16,2-1-3,1
10_Stir_drinks/user16/7-2-1,10_Stir_drinks,user16,7-2-1,1
10_Stir_drinks/user16/7-2-2,10_Stir_drinks,user16,7-2-2,1
10_Stir_drinks/user16/7-2-3,10_Stir_drinks,user16,7-2-3,1
10_Stir_drinks/user17/2-1-1,10_Stir_drinks,user17,2-1-1,2
10_Stir_drinks/user17/2-1-2,10_Stir_drinks,user17,2-1-2,2
10_Stir_drinks/user17/2-1-3,10_Stir_drinks,user17,2-1-3,2
10_Stir_drinks/user17/2-2-1,10_Stir_drinks,user17,2-2-1,2
10_Stir_drinks/user17/2-2-2,10_Stir_drinks,user17,2-2-2,2
10_Stir_drinks/user17/2-2-3,10_Stir_drinks,user17,2-2-3,2
10_Stir_drinks/user17/5-2-1,10_Stir_drinks,user17,5-2-1,2
10_Stir_drinks/user17/5-2-2,10_Stir_drinks,user17,5-2-2,2
10_Stir_drinks/user17/5-2-3,10_Stir_drinks,user17,5-2-3,2
10_Stir_drinks/user18/3-2-1,10_Stir_drinks,user18,3-2-1,3
10_Stir_drinks/user18/3-2-2,10_Stir_drinks,user18,3-2-2,3
10_Stir_drinks/user18/3-2-3,10_Stir_drinks,user18,3-2-3,3
10_Stir_drinks/user18/4-2-1,10_Stir_drinks,user18,4-2-1,3
10_Stir_drinks/user18/4-2-2,10_Stir_drinks,user18,4-2-2,3
10_Stir_drinks/user18/4-2-3,10_Stir_drinks,user18,4-2-3,3
10_Stir_drinks/user18/7-2-1,10_Stir_drinks,user18,7-2-1,3
10_Stir_drinks/user18/7-2-2,10_Stir_drinks,user18,7-2-2,3
10_Stir_drinks/user18/7-2-3,10_Stir_drinks,user18,7-2-3,3
10_Stir_drinks/user19/2-1-1,10_Stir_drinks,user19,2-1-1,0
10_Stir_drinks/user19/2-1-2,10_Stir_drinks,user19,2-1-2,0
10_Stir_drinks/user19/2-1-3,10_Stir_drinks,user19,2-1-3,0
10_Stir_drinks/user19/3-2-1,10_Stir_drinks,user19,3-2-1,0
10_Stir_drinks/user19/3-2-2,10_Stir_drinks,user19,3-2-2,0
10_Stir_drinks/user19/3-2-3,10_Stir_drinks,user19,3-2-3,0
10_Stir_drinks/user19/7-2-1,10_Stir_drinks,user19,7-2-1,0
10_Stir_drinks/user19/7-2-2,10_Stir_drinks,user19,7-2-2,0
10_Stir_drinks/user19/7-2-3,10_Stir_drinks,user19,7-2-3,0
10_Stir_drinks/user2/6-1-1,10_Stir_drinks,user2,6-1-1,2
10_Stir_drinks/user2/6-1-2,10_Stir_drinks,user2,6-1-2,2
10_Stir_drinks/user20/3-1-1,10_Stir_drinks,user20,3-1-1,0
10_Stir_drinks/user20/3-1-2,10_Stir_drinks,user20,3-1-2,0
10_Stir_drinks/user20/3-1-3,10_Stir_drinks,user20,3-1-3,0
10_Stir_drinks/user20/5-1-1,10_Stir_drinks,user20,5-1-1,0
10_Stir_drinks/user20/5-1-2,10_Stir_drinks,user20,5-1-2,0
10_Stir_drinks/user20/5-1-3,10_Stir_drinks,user20,5-1-3,0
10_Stir_drinks/user20/6-3-1,10_Stir_drinks,user20,6-3-1,0
10_Stir_drinks/user20/6-3-2,10_Stir_drinks,user20,6-3-2,0
10_Stir_drinks/user20/6-3-3,10_Stir_drinks,user20,6-3-3,0
10_Stir_drinks/user20/7-1-1,10_Stir_drinks,user20,7-1-1,0
10_Stir_drinks/user20/7-1-2,10_Stir_drinks,user20,7-1-2,0
10_Stir_drinks/user20/7-1-3,10_Stir_drinks,user20,7-1-3,0
10_Stir_drinks/user22/4-3-1,10_Stir_drinks,user22,4-3-1,1
10_Stir_drinks/user22/4-3-2,10_Stir_drinks,user22,4-3-2,1
10_Stir_drinks/user22/4-3-3,10_Stir_drinks,user22,4-3-3,1
10_Stir_drinks/user23/5-3-3,10_Stir_drinks,user23,5-3-3,2
10_Stir_drinks/user3/4-1-1,10_Stir_drinks,user3,4-1-1,3
10_Stir_drinks/user3/4-1-2,10_Stir_drinks,user3,4-1-2,3
10_Stir_drinks/user3/4-1-3,10_Stir_drinks,user3,4-1-3,3
10_Stir_drinks/user3/5-1-1,10_Stir_drinks,user3,5-1-1,3
10_Stir_drinks/user3/5-1-2,10_Stir_drinks,user3,5-1-2,3
10_Stir_drinks/user3/5-1-3,10_Stir_drinks,user3,5-1-3,3
10_Stir_drinks/user3/7-1-1,10_Stir_drinks,user3,7-1-1,3
10_Stir_drinks/user3/7-1-2,10_Stir_drinks,user3,7-1-2,3
10_Stir_drinks/user3/7-1-3,10_Stir_drinks,user3,7-1-3,3
10_Stir_drinks/user4/1-2-1,10_Stir_drinks,user4,1-2-1,0
10_Stir_drinks/user4/1-2-2,10_Stir_drinks,user4,1-2-2,0
10_Stir_drinks/user4/1-2-3,10_Stir_drinks,user4,1-2-3,0
10_Stir_drinks/user4/5-1-1,10_Stir_drinks,user4,5-1-1,0
10_Stir_drinks/user4/5-1-2,10_Stir_drinks,user4,5-1-2,0
10_Stir_drinks/user4/5-1-3,10_Stir_drinks,user4,5-1-3,0
10_Stir_drinks/user5/1-2-1,10_Stir_drinks,user5,1-2-1,0
10_Stir_drinks/user5/1-2-2,10_Stir_drinks,user5,1-2-2,0
10_Stir_drinks/user5/4-2-1,10_Stir_drinks,user5,4-2-1,0
10_Stir_drinks/user5/4-2-2,10_Stir_drinks,user5,4-2-2,0
10_Stir_drinks/user5/4-2-3,10_Stir_drinks,user5,4-2-3,0
10_Stir_drinks/user6/1-2-1,10_Stir_drinks,user6,1-2-1,3
10_Stir_drinks/user6/1-2-2,10_Stir_drinks,user6,1-2-2,3
10_Stir_drinks/user6/1-2-3,10_Stir_drinks,user6,1-2-3,3
10_Stir_drinks/user6/2-1-1,10_Stir_drinks,user6,2-1-1,3
10_Stir_drinks/user6/2-1-2,10_Stir_drinks,user6,2-1-2,3
10_Stir_drinks/user6/2-1-3,10_Stir_drinks,user6,2-1-3,3
10_Stir_drinks/user6/7-2-1,10_Stir_drinks,user6,7-2-1,3
10_Stir_drinks/user6/7-2-2,10_Stir_drinks,user6,7-2-2,3
10_Stir_drinks/user6/7-2-3,10_Stir_drinks,user6,7-2-3,3
10_Stir_drinks/user7/2-1-1,10_Stir_drinks,user7,2-1-1,1
10_Stir_drinks/user7/2-1-2,10_Stir_drinks,user7,2-1-2,1
10_Stir_drinks/user7/2-1-3,10_Stir_drinks,user7,2-1-3,1
10_Stir_drinks/user7/2-2-1,10_Stir_drinks,user7,2-2-1,1
10_Stir_drinks/user7/2-2-2,10_Stir_drinks,user7,2-2-2,1
10_Stir_drinks/user7/2-2-3,10_Stir_drinks,user7,2-2-3,1
10_Stir_drinks/user7/5-2-1,10_Stir_drinks,user7,5-2-1,1
10_Stir_drinks/user7/5-2-2,10_Stir_drinks,user7,5-2-2,1
10_Stir_drinks/user7/5-2-3,10_Stir_drinks,user7,5-2-3,1
10_Stir_drinks/user8/3-2-1,10_Stir_drinks,user8,3-2-1,2
10_Stir_drinks/user8/3-2-2,10_Stir_drinks,user8,3-2-2,2
10_Stir_drinks/user8/3-2-3,10_Stir_drinks,user8,3-2-3,2
10_Stir_drinks/user8/4-2-1,10_Stir_drinks,user8,4-2-1,2
10_Stir_drinks/user8/4-2-2,10_Stir_drinks,user8,4-2-2,2
10_Stir_drinks/user8/4-2-3,10_Stir_drinks,user8,4-2-3,2
10_Stir_drinks/user8/7-2-1,10_Stir_drinks,user8,7-2-1,2
10_Stir_drinks/user8/7-2-2,10_Stir_drinks,user8,7-2-2,2
10_Stir_drinks/user8/7-2-3,10_Stir_drinks,user8,7-2-3,2
10_Stir_drinks/user9/2-1-1,10_Stir_drinks,user9,2-1-1,0
10_Stir_drinks/user9/2-1-2,10_Stir_drinks,user9,2-1-2,0
10_Stir_drinks/user9/2-1-3,10_Stir_drinks,user9,2-1-3,0
10_Stir_drinks/user9/3-2-1,10_Stir_drinks,user9,3-2-1,0
10_Stir_drinks/user9/3-2-2,10_Stir_drinks,user9,3-2-2,0
10_Stir_drinks/user9/3-2-3,10_Stir_drinks,user9,3-2-3,0
10_Stir_drinks/user9/7-2-1,10_Stir_drinks,user9,7-2-1,0
10_Stir_drinks/user9/7-2-2,10_Stir_drinks,user9,7-2-2,0
10_Stir_drinks/user9/7-2-3,10_Stir_drinks,user9,7-2-3,0
11_Peel_fruits/user1/1-2-1,11_Peel_fruits,user1,1-2-1,1
11_Peel_fruits/user1/1-2-2,11_Peel_fruits,user1,1-2-2,1
11_Peel_fruits/user1/4-1-1,11_Peel_fruits,user1,4-1-1,1
11_Peel_fruits/user1/4-1-2,11_Peel_fruits,user1,4-1-2,1
11_Peel_fruits/user1/4-1-3,11_Peel_fruits,user1,4-1-3,1
11_Peel_fruits/user1/6-1-1,11_Peel_fruits,user1,6-1-1,1
11_Peel_fruits/user1/6-1-2,11_Peel_fruits,user1,6-1-2,1
11_Peel_fruits/user1/6-1-3,11_Peel_fruits,user1,6-1-3,1
11_Peel_fruits/user16/1-2-1,11_Peel_fruits,user16,1-2-1,1
11_Peel_fruits/user16/1-2-2,11_Peel_fruits,user16,1-2-2,1
11_Peel_fruits/user16/1-2-3,11_Peel_fruits,user16,1-2-3,1
11_Peel_fruits/user16/3-2-1,11_Peel_fruits,user16,3-2-1,1
11_Peel_fruits/user16/3-2-2,11_Peel_fruits,user16,3-2-2,1
11_Peel_fruits/user16/3-2-3,11_Peel_fruits,user16,3-2-3,1
11_Peel_fruits/user16/5-2-1,11_Peel_fruits,user16,5-2-1,1
11_Peel_fruits/user16/5-2-2,11_Peel_fruits,user16,5-2-2,1
11_Peel_fruits/user16/5-2-3,11_Peel_fruits,user16,5-2-3,1
11_Peel_fruits/user17/7-2-1,11_Peel_fruits,user17,7-2-1,2
11_Peel_fruits/user17/7-2-2,11_Peel_fruits,user17,7-2-2,2
11_Peel_fruits/user17/7-2-3,11_Peel_fruits,user17,7-2-3,2
11_Peel_fruits/user18/4-2-1,11_Peel_fruits,user18,4-2-1,3
11_Peel_fruits/user18/4-2-2,11_Peel_fruits,user18,4-2-2,3
11_Peel_fruits/user18/4-2-3,11_Peel_fruits,user18,4-2-3,3
11_Peel_fruits/user18/6-2-1,11_Peel_fruits,user18,6-2-1,3
11_Peel_fruits/user18/6-2-2,11_Peel_fruits,user18,6-2-2,3
11_Peel_fruits/user18/6-2-3,11_Peel_fruits,user18,6-2-3,3
11_Peel_fruits/user18/7-2-1,11_Peel_fruits,user18,7-2-1,3
11_Peel_fruits/user18/7-2-2,11_Peel_fruits,user18,7-2-2,3
11_Peel_fruits/user18/7-2-3,11_Peel_fruits,user18,7-2-3,3
11_Peel_fruits/user19/2-3-1,11_Peel_fruits,user19,2-3-1,0
11_Peel_fruits/user19/2-3-2,11_Peel_fruits,user19,2-3-2,0
11_Peel_fruits/user19/2-3-3,11_Peel_fruits,user19,2-3-3,0
11_Peel_fruits/user2/5-2-1,11_Peel_fruits,user2,5-2-1,2
11_Peel_fruits/user2/5-2-2,11_Peel_fruits,user2,5-2-2,2
11_Peel_fruits/user2/5-2-3,11_Peel_fruits,user2,5-2-3,2
11_Peel_fruits/user2/7-2-1,11_Peel_fruits,user2,7-2-1,2
11_Peel_fruits/user2/7-2-2,11_Peel_fruits,user2,7-2-2,2
11_Peel_fruits/user2/7-2-3,11_Peel_fruits,user2,7-2-3,2
11_Peel_fruits/user21/5-2-1,11_Peel_fruits,user21,5-2-1,1
11_Peel_fruits/user21/5-2-2,11_Peel_fruits,user21,5-2-2,1
11_Peel_fruits/user21/5-2-3,11_Peel_fruits,user21,5-2-3,1
11_Peel_fruits/user22/3-3-1,11_Peel_fruits,user22,3-3-1,1
11_Peel_fruits/user22/3-3-2,11_Peel_fruits,user22,3-3-2,1
11_Peel_fruits/user22/3-3-3,11_Peel_fruits,user22,3-3-3,1
11_Peel_fruits/user22/4-3-1,11_Peel_fruits,user22,4-3-1,1
11_Peel_fruits/user22/4-3-2,11_Peel_fruits,user22,4-3-2,1
11_Peel_fruits/user22/4-3-3,11_Peel_fruits,user22,4-3-3,1
11_Peel_fruits/user22/5-2-1,11_Peel_fruits,user22,5-2-1,1
11_Peel_fruits/user22/5-2-2,11_Peel_fruits,user22,5-2-2,1
11_Peel_fruits/user22/5-2-3,11_Peel_fruits,user22,5-2-3,1
11_Peel_fruits/user24/4-2-1,11_Peel_fruits,user24,4-2-1,3
11_Peel_fruits/user24/4-2-2,11_Peel_fruits,user24,4-2-2,3
11_Peel_fruits/user24/4-2-3,11_Peel_fruits,user24,4-2-3,3
11_Peel_fruits/user3/3-1-1,11_Peel_fruits,user3,3-1-1,3
11_Peel_fruits/user3/3-1-2,11_Peel_fruits,user3,3-1-2,3
11_Peel_fruits/user3/3-1-3,11_Peel_fruits,user3,3-1-3,3
11_Peel_fruits/user3/4-1-1,11_Peel_fruits,user3,4-1-1,3
11_Peel_fruits/user3/4-1-2,11_Peel_fruits,user3,4-1-2,3
11_Peel_fruits/user4/1-2-1,11_Peel_fruits,user4,1-2-1,0
11_Peel_fruits/user4/1-2-2,11_Peel_fruits,user4,1-2-2,0
11_Peel_fruits/user4/1-2-3,11_Peel_fruits,user4,1-2-3,0
11_Peel_fruits/user4/2-1-1,11_Peel_fruits,user4,2-1-1,0
11_Peel_fruits/user4/2-1-2,11_Peel_fruits,user4,2-1-2,0
11_Peel_fruits/user4/2-1-3,11_Peel_fruits,user4,2-1-3,0
11_Peel_fruits/user4/6-1-1,11_Peel_fruits,user4,6-1-1,0
11_Peel_fruits/user4/6-1-2,11_Peel_fruits,user4,6-1-2,0
11_Peel_fruits/user4/6-1-3,11_Peel_fruits,user4,6-1-3,0
11_Peel_fruits/user4/7-1-1,11_Peel_fruits,user4,7-1-1,0
11_Peel_fruits/user4/7-1-2,11_Peel_fruits,user4,7-1-2,0
11_Peel_fruits/user4/7-1-3,11_Peel_fruits,user4,7-1-3,0
11_Peel_fruits/user5/1-2-1,11_Peel_fruits,user5,1-2-1,0
11_Peel_fruits/user5/1-2-2,11_Peel_fruits,user5,1-2-2,0
11_Peel_fruits/user5/1-2-3,11_Peel_fruits,user5,1-2-3,0
11_Peel_fruits/user5/2-1-1,11_Peel_fruits,user5,2-1-1,0
11_Peel_fruits/user5/2-1-2,11_Peel_fruits,user5,2-1-2,0
11_Peel_fruits/user5/2-1-3,11_Peel_fruits,user5,2-1-3,0
11_Peel_fruits/user5/3-2-1,11_Peel_fruits,user5,3-2-1,0
11_Peel_fruits/user5/3-2-2,11_Peel_fruits,user5,3-2-2,0
11_Peel_fruits/user5/3-2-3,11_Peel_fruits,user5,3-2-3,0
11_Peel_fruits/user5/6-2-1,11_Peel_fruits,user5,6-2-1,0
11_Peel_fruits/user5/6-2-2,11_Peel_fruits,user5,6-2-2,0
11_Peel_fruits/user5/6-2-3,11_Peel_fruits,user5,6-2-3,0
11_Peel_fruits/user6/1-2-1,11_Peel_fruits,user6,1-2-1,3
11_Peel_fruits/user6/1-2-2,11_Peel_fruits,user6,1-2-2,3
11_Peel_fruits/user6/1-2-3,11_Peel_fruits,user6,1-2-3,3
11_Peel_fruits/user6/3-2-1,11_Peel_fruits,user6,3-2-1,3
11_Peel_fruits/user6/3-2-2,11_Peel_fruits,user6,3-2-2,3
11_Peel_fruits/user6/3-2-3,11_Peel_fruits,user6,3-2-3,3
11_Peel_fruits/user6/5-2-1,11_Peel_fruits,user6,5-2-1,3
11_Peel_fruits/user6/5-2-2,11_Peel_fruits,user6,5-2-2,3
11_Peel_fruits/user6/5-2-3,11_Peel_fruits,user6,5-2-3,3
11_Peel_fruits/user7/7-2-1,11_Peel_fruits,user7,7-2-1,1
11_Peel_fruits/user7/7-2-2,11_Peel_fruits,user7,7-2-2,1
11_Peel_fruits/user7/7-2-3,11_Peel_fruits,user7,7-2-3,1
11_Peel_fruits/user8/4-2-1,11_Peel_fruits,user8,4-2-1,2
11_Peel_fruits/user8/4-2-2,11_Peel_fruits,user8,4-2-2,2
11_Peel_fruits/user8/4-2-3,11_Peel_fruits,user8,4-2-3,2
11_Peel_fruits/user8/6-2-1,11_Peel_fruits,user8,6-2-1,2
11_Peel_fruits/user8/6-2-2,11_Peel_fruits,user8,6-2-2,2
11_Peel_fruits/user8/6-2-3,11_Peel_fruits,user8,6-2-3,2
11_Peel_fruits/user8/7-2-1,11_Peel_fruits,user8,7-2-1,2
11_Peel_fruits/user8/7-2-2,11_Peel_fruits,user8,7-2-2,2
11_Peel_fruits/user8/7-2-3,11_Peel_fruits,user8,7-2-3,2
11_Peel_fruits/user9/2-3-1,11_Peel_fruits,user9,2-3-1,0
11_Peel_fruits/user9/2-3-2,11_Peel_fruits,user9,2-3-2,0
11_Peel_fruits/user9/2-3-3,11_Peel_fruits,user9,2-3-3,0
12_Sweep_the_floor/user1/6-2-1,12_Sweep_the_floor,user1,6-2-1,1
12_Sweep_the_floor/user1/6-2-2,12_Sweep_the_floor,user1,6-2-2,1
12_Sweep_the_floor/user1/6-2-3,12_Sweep_the_floor,user1,6-2-3,1
12_Sweep_the_floor/user16/3-1-1,12_Sweep_the_floor,user16,3-1-1,1
12_Sweep_the_floor/user16/3-1-2,12_Sweep_the_floor,user16,3-1-2,1
12_Sweep_the_floor/user16/3-1-3,12_Sweep_the_floor,user16,3-1-3,1
12_Sweep_the_floor/user16/6-2-1,12_Sweep_the_floor,user16,6-2-1,1
12_Sweep_the_floor/user16/6-2-2,12_Sweep_the_floor,user16,6-2-2,1
12_Sweep_the_floor/user16/6-2-3,12_Sweep_the_floor,user16,6-2-3,1
12_Sweep_the_floor/user17/3-1-1,12_Sweep_the_floor,user17,3-1-1,2
12_Sweep_the_floor/user17/3-1-2,12_Sweep_the_floor,user17,3-1-2,2
12_Sweep_the_floor/user17/3-1-3,12_Sweep_the_floor,user17,3-1-3,2
12_Sweep_the_floor/user18/3-1-1,12_Sweep_the_floor,user18,3-1-1,3
12_Sweep_the_floor/user18/3-1-2,12_Sweep_the_floor,user18,3-1-2,3
12_Sweep_the_floor/user18/3-1-3,12_Sweep_the_floor,user18,3-1-3,3
12_Sweep_the_floor/user19/3-3-1,12_Sweep_the_floor,user19,3-3-1,0
12_Sweep_the_floor/user19/3-3-2,12_Sweep_the_floor,user19,3-3-2,0
12_Sweep_the_floor/user19/3-3-3,12_Sweep_the_floor,user19,3-3-3,0
12_Sweep_the_floor/user19/7-2-1,12_Sweep_the_floor,user19,7-2-1,0
12_Sweep_the_floor/user19/7-2-2,12_Sweep_the_floor,user19,7-2-2,0
12_Sweep_the_floor/user19/7-2-3,12_Sweep_the_floor,user19,7-2-3,0
12_Sweep_the_floor/user2/3-1-1,12_Sweep_the_floor,user2,3-1-1,2
12_Sweep_the_floor/user2/3-1-2,12_Sweep_the_floor,user2,3-1-2,2
12_Sweep_the_floor/user2/3-1-3,12_Sweep_the_floor,user2,3-1-3,2
12_Sweep_the_floor/user20/2-1-1,12_Sweep_the_floor,user20,2-1-1,0
12_Sweep_the_floor/user20/2-1-2,12_Sweep_the_floor,user20,2-1-2,0
12_Sweep_the_floor/user20/2-1-3,12_Sweep_the_floor,user20,2-1-3,0
12_Sweep_the_floor/user20/3-2-1,12_Sweep_the_floor,user20,3-2-1,0
12_Sweep_the_floor/user20/3-2-2,12_Sweep_the_floor,user20,3-2-2,0
12_Sweep_the_floor/user20/3-2-3,12_Sweep_the_floor,user20,3-2-3,0
12_Sweep_the_floor/user21/2-1-1,12_Sweep_the_floor,user21,2-1-1,1
12_Sweep_the_floor/user21/2-1-2,12_Sweep_the_floor,user21,2-1-2,1
12_Sweep_the_floor/user21/2-1-3,12_Sweep_the_floor,user21,2-1-3,1
12_Sweep_the_floor/user23/3-2-1,12_Sweep_the_floor,user23,3-2-1,2
12_Sweep_the_floor/user23/3-2-2,12_Sweep_the_floor,user23,3-2-2,2
12_Sweep_the_floor/user23/3-2-3,12_Sweep_the_floor,user23,3-2-3,2
12_Sweep_the_floor/user3/6-2-1,12_Sweep_the_floor,user3,6-2-1,3
12_Sweep_the_floor/user3/6-2-2,12_Sweep_the_floor,user3,6-2-2,3
12_Sweep_the_floor/user3/6-2-3,12_Sweep_the_floor,user3,6-2-3,3
12_Sweep_the_floor/user4/2-2-1,12_Sweep_the_floor,user4,2-2-1,0
12_Sweep_the_floor/user4/2-2-2,12_Sweep_the_floor,user4,2-2-2,0
12_Sweep_the_floor/user4/2-2-3,12_Sweep_the_floor,user4,2-2-3,0
12_Sweep_the_floor/user5/3-1-1,12_Sweep_the_floor,user5,3-1-1,0
12_Sweep_the_floor/user5/3-1-2,12_Sweep_the_floor,user5,3-1-2,0
12_Sweep_the_floor/user5/3-1-3,12_Sweep_the_floor,user5,3-1-3,0
12_Sweep_the_floor/user6/3-1-1,12_Sweep_the_floor,user6,3-1-1,3
12_Sweep_the_floor/user6/3-1-2,12_Sweep_the_floor,user6,3-1-2,3
12_Sweep_the_floor/user6/3-1-3,12_Sweep_the_floor,user6,3-1-3,3
12_Sweep_the_floor/user6/6-2-1,12_Sweep_the_floor,user6,6-2-1,3
12_Sweep_the_floor/user6/6-2-2,12_Sweep_the_floor,user6,6-2-2,3
12_Sweep_the_floor/user6/6-2-3,12_Sweep_the_floor,user6,6-2-3,3
12_Sweep_the_floor/user7/3-1-1,12_Sweep_the_floor,user7,3-1-1,1
12_Sweep_the_floor/user7/3-1-2,12_Sweep_the_floor,user7,3-1-2,1
12_Sweep_the_floor/user7/3-1-3,12_Sweep_the_floor,user7,3-1-3,1
12_Sweep_the_floor/user8/3-1-1,12_Sweep_the_floor,user8,3-1-1,2
12_Sweep_the_floor/user8/3-1-2,12_Sweep_the_floor,user8,3-1-2,2
12_Sweep_the_floor/user8/3-1-3,12_Sweep_the_floor,user8,3-1-3,2
12_Sweep_the_floor/user9/3-3-1,12_Sweep_the_floor,user9,3-3-1,0
12_Sweep_the_floor/user9/3-3-2,12_Sweep_the_floor,user9,3-3-2,0
12_Sweep_the_floor/user9/3-3-3,12_Sweep_the_floor,user9,3-3-3,0
12_Sweep_the_floor/user9/7-2-1,12_Sweep_the_floor,user9,7-2-1,0
12_Sweep_the_floor/user9/7-2-2,12_Sweep_the_floor,user9,7-2-2,0
12_Sweep_the_floor/user9/7-2-3,12_Sweep_the_floor,user9,7-2-3,0
13_Mop_the_floor/user1/3-2-1,13_Mop_the_floor,user1,3-2-1,1
13_Mop_the_floor/user1/3-2-2,13_Mop_the_floor,user1,3-2-2,1
13_Mop_the_floor/user1/3-2-3,13_Mop_the_floor,user1,3-2-3,1
13_Mop_the_floor/user16/3-1-1,13_Mop_the_floor,user16,3-1-1,1
13_Mop_the_floor/user16/3-1-2,13_Mop_the_floor,user16,3-1-2,1
13_Mop_the_floor/user16/3-1-3,13_Mop_the_floor,user16,3-1-3,1
13_Mop_the_floor/user17/3-1-1,13_Mop_the_floor,user17,3-1-1,2
13_Mop_the_floor/user17/3-1-2,13_Mop_the_floor,user17,3-1-2,2
13_Mop_the_floor/user17/3-1-3,13_Mop_the_floor,user17,3-1-3,2
13_Mop_the_floor/user18/3-1-1,13_Mop_the_floor,user18,3-1-1,3
13_Mop_the_floor/user18/3-1-2,13_Mop_the_floor,user18,3-1-2,3
13_Mop_the_floor/user18/3-1-3,13_Mop_the_floor,user18,3-1-3,3
13_Mop_the_floor/user19/3-3-1,13_Mop_the_floor,user19,3-3-1,0
13_Mop_the_floor/user19/3-3-2,13_Mop_the_floor,user19,3-3-2,0
13_Mop_the_floor/user19/3-3-3,13_Mop_the_floor,user19,3-3-3,0
13_Mop_the_floor/user19/7-2-1,13_Mop_the_floor,user19,7-2-1,0
13_Mop_the_floor/user19/7-2-2,13_Mop_the_floor,user19,7-2-2,0
13_Mop_the_floor/user19/7-2-3,13_Mop_the_floor,user19,7-2-3,0
13_Mop_the_floor/user2/3-1-1,13_Mop_the_floor,user2,3-1-1,2
13_Mop_the_floor/user2/3-1-2,13_Mop_the_floor,user2,3-1-2,2
13_Mop_the_floor/user2/3-1-3,13_Mop_the_floor,user2,3-1-3,2
13_Mop_the_floor/user20/2-1-1,13_Mop_the_floor,user20,2-1-1,0
13_Mop_the_floor/user20/2-1-2,13_Mop_the_floor,user20,2-1-2,0
13_Mop_the_floor/user20/2-1-3,13_Mop_the_floor,user20,2-1-3,0
13_Mop_the_floor/user20/3-2-1,13_Mop_the_floor,user20,3-2-1,0
13_Mop_the_floor/user20/3-2-2,13_Mop_the_floor,user20,3-2-2,0
13_Mop_the_floor/user20/3-2-3,13_Mop_the_floor,user20,3-2-3,0
13_Mop_the_floor/user20/6-3-1,13_Mop_the_floor,user20,6-3-1,0
13_Mop_the_floor/user20/6-3-2,13_Mop_the_floor,user20,6-3-2,0
13_Mop_the_floor/user20/6-3-3,13_Mop_the_floor,user20,6-3-3,0
13_Mop_the_floor/user21/2-1-1,13_Mop_the_floor,user21,2-1-1,1
13_Mop_the_floor/user21/2-1-2,13_Mop_the_floor,user21,2-1-2,1
13_Mop_the_floor/user21/2-1-3,13_Mop_the_floor,user21,2-1-3,1
13_Mop_the_floor/user4/2-2-1,13_Mop_the_floor,user4,2-2-1,0
13_Mop_the_floor/user4/2-2-2,13_Mop_the_floor,user4,2-2-2,0
13_Mop_the_floor/user4/2-2-3,13_Mop_the_floor,user4,2-2-3,0
13_Mop_the_floor/user5/5-1-1,13_Mop_the_floor,user5,5-1-1,0
13_Mop_the_floor/user5/5-1-2,13_Mop_the_floor,user5,5-1-2,0
13_Mop_the_floor/user5/5-1-3,13_Mop_the_floor,user5,5-1-3,0
13_Mop_the_floor/user5/7-2-1,13_Mop_the_floor,user5,7-2-1,0
13_Mop_the_floor/user5/7-2-2,13_Mop_the_floor,user5,7-2-2,0
13_Mop_the_floor/user5/7-2-3,13_Mop_the_floor,user5,7-2-3,0
13_Mop_the_floor/user6/3-1-1,13_Mop_the_floor,user6,3-1-1,3
13_Mop_the_floor/user6/3-1-2,13_Mop_the_floor,user6,3-1-2,3
13_Mop_the_floor/user6/3-1-3,13_Mop_the_floor,user6,3-1-3,3
13_Mop_the_floor/user7/3-1-1,13_Mop_the_floor,user7,3-1-1,1
13_Mop_the_floor/user7/3-1-2,13_Mop_the_floor,user7,3-1-2,1
13_Mop_the_floor/user7/3-1-3,13_Mop_the_floor,user7,3-1-3,1
13_Mop_the_floor/user8/3-1-1,13_Mop_the_floor,user8,3-1-1,2
13_Mop_the_floor/user8/3-1-3,13_Mop_the_floor,user8,3-1-3,2
13_Mop_the_floor/user9/3-3-1,13_Mop_the_floor,user9,3-3-1,0
13_Mop_the_floor/user9/3-3-2,13_Mop_the_floor,user9,3-3-2,0
13_Mop_the_floor/user9/3-3-3,13_Mop_the_floor,user9,3-3-3,0
13_Mop_the_floor/user9/7-2-1,13_Mop_the_floor,user9,7-2-1,0
13_Mop_the_floor/user9/7-2-2,13_Mop_the_floor,user9,7-2-2,0
13_Mop_the_floor/user9/7-2-3,13_Mop_the_floor,user9,7-2-3,0
14_Wipe_bowls/user1/1-2-1,14_Wipe_bowls,user1,1-2-1,1
14_Wipe_bowls/user1/1-2-2,14_Wipe_bowls,user1,1-2-2,1
14_Wipe_bowls/user1/4-1-1,14_Wipe_bowls,user1,4-1-1,1
14_Wipe_bowls/user1/4-1-2,14_Wipe_bowls,user1,4-1-2,1
14_Wipe_bowls/user1/4-1-3,14_Wipe_bowls,user1,4-1-3,1
14_Wipe_bowls/user16/3-2-1,14_Wipe_bowls,user16,3-2-1,1
14_Wipe_bowls/user16/3-2-2,14_Wipe_bowls,user16,3-2-2,1
14_Wipe_bowls/user16/3-2-3,14_Wipe_bowls,user16,3-2-3,1
14_Wipe_bowls/user17/3-2-1,14_Wipe_bowls,user17,3-2-1,2
14_Wipe_bowls/user17/3-2-2,14_Wipe_bowls,user17,3-2-2,2
14_Wipe_bowls/user17/3-2-3,14_Wipe_bowls,user17,3-2-3,2
14_Wipe_bowls/user18/3-2-1,14_Wipe_bowls,user18,3-2-1,3
14_Wipe_bowls/user18/3-2-2,14_Wipe_bowls,user18,3-2-2,3
14_Wipe_bowls/user18/3-2-3,14_Wipe_bowls,user18,3-2-3,3
14_Wipe_bowls/user20/3-1-1,14_Wipe_bowls,user20,3-1-1,0
14_Wipe_bowls/user20/3-1-2,14_Wipe_bowls,user20,3-1-2,0
14_Wipe_bowls/user20/3-1-3,14_Wipe_bowls,user20,3-1-3,0
14_Wipe_bowls/user22/2-1-1,14_Wipe_bowls,user22,2-1-1,1
14_Wipe_bowls/user22/2-1-2,14_Wipe_bowls,user22,2-1-2,1
14_Wipe_bowls/user22/2-1-3,14_Wipe_bowls,user22,2-1-3,1
14_Wipe_bowls/user3/3-1-1,14_Wipe_bowls,user3,3-1-1,3
14_Wipe_bowls/user3/3-1-2,14_Wipe_bowls,user3,3-1-2,3
14_Wipe_bowls/user3/3-1-3,14_Wipe_bowls,user3,3-1-3,3
14_Wipe_bowls/user4/4-2-1,14_Wipe_bowls,user4,4-2-1,0
14_Wipe_bowls/user4/4-2-2,14_Wipe_bowls,user4,4-2-2,0
14_Wipe_bowls/user4/4-2-3,14_Wipe_bowls,user4,4-2-3,0
14_Wipe_bowls/user6/3-2-1,14_Wipe_bowls,user6,3-2-1,3
14_Wipe_bowls/user6/3-2-2,14_Wipe_bowls,user6,3-2-2,3
14_Wipe_bowls/user6/3-2-3,14_Wipe_bowls,user6,3-2-3,3
14_Wipe_bowls/user7/3-2-1,14_Wipe_bowls,user7,3-2-1,1
14_Wipe_bowls/user7/3-2-2,14_Wipe_bowls,user7,3-2-2,1
14_Wipe_bowls/user7/3-2-3,14_Wipe_bowls,user7,3-2-3,1
14_Wipe_bowls/user8/3-2-1,14_Wipe_bowls,user8,3-2-1,2
14_Wipe_bowls/user8/3-2-2,14_Wipe_bowls,user8,3-2-2,2
14_Wipe_bowls/user8/3-2-3,14_Wipe_bowls,user8,3-2-3,2
15_Wipe_windows_and_tables/user16/3-3-1,15_Wipe_windows_and_tables,user16,3-3-1,1
15_Wipe_windows_and_tables/user16/3-3-2,15_Wipe_windows_and_tables,user16,3-3-2,1
15_Wipe_windows_and_tables/user16/3-3-3,15_Wipe_windows_and_tables,user16,3-3-3,1
15_Wipe_windows_and_tables/user16/6-2-1,15_Wipe_windows_and_tables,user16,6-2-1,1
15_Wipe_windows_and_tables/user16/6-2-2,15_Wipe_windows_and_tables,user16,6-2-2,1
15_Wipe_windows_and_tables/user16/6-2-3,15_Wipe_windows_and_tables,user16,6-2-3,1
15_Wipe_windows_and_tables/user17/2-2-1,15_Wipe_windows_and_tables,user17,2-2-1,2
15_Wipe_windows_and_tables/user17/2-2-2,15_Wipe_windows_and_tables,user17,2-2-2,2
15_Wipe_windows_and_tables/user17/2-2-3,15_Wipe_windows_and_tables,user17,2-2-3,2
15_Wipe_windows_and_tables/user17/3-3-1,15_Wipe_windows_and_tables,user17,3-3-1,2
15_Wipe_windows_and_tables/user17/3-3-2,15_Wipe_windows_and_tables,user17,3-3-2,2
15_Wipe_windows_and_tables/user17/3-3-3,15_Wipe_windows_and_tables,user17,3-3-3,2
15_Wipe_windows_and_tables/user18/2-2-1,15_Wipe_windows_and_tables,user18,2-2-1,3
15_Wipe_windows_and_tables/user18/2-2-2,15_Wipe_windows_and_tables,user18,2-2-2,3
15_Wipe_windows_and_tables/user18/2-2-3,15_Wipe_windows_and_tables,user18,2-2-3,3
15_Wipe_windows_and_tables/user18/3-3-1,15_Wipe_windows_and_tables,user18,3-3-1,3
15_Wipe_windows_and_tables/user18/3-3-2,15_Wipe_windows_and_tables,user18,3-3-2,3
15_Wipe_windows_and_tables/user18/3-3-3,15_Wipe_windows_and_tables,user18,3-3-3,3
15_Wipe_windows_and_tables/user19/7-2-1,15_Wipe_windows_and_tables,user19,7-2-1,0
15_Wipe_windows_and_tables/user19/7-2-2,15_Wipe_windows_and_tables,user19,7-2-2,0
15_Wipe_windows_and_tables/user19/7-2-3,15_Wipe_windows_and_tables,user19,7-2-3,0
15_Wipe_windows_and_tables/user20/3-2-1,15_Wipe_windows_and_tables,user20,3-2-1,0
15_Wipe_windows_and_tables/user20/3-2-2,15_Wipe_windows_and_tables,user20,3-2-2,0
15_Wipe_windows_and_tables/user20/3-2-3,15_Wipe_windows_and_tables,user20,3-2-3,0
15_Wipe_windows_and_tables/user22/2-1-1,15_Wipe_windows_and_tables,user22,2-1-1,1
15_Wipe_windows_and_tables/user22/2-1-2,15_Wipe_windows_and_tables,user22,2-1-2,1
15_Wipe_windows_and_tables/user22/2-1-3,15_Wipe_windows_and_tables,user22,2-1-3,1
15_Wipe_windows_and_tables/user23/3-1-1,15_Wipe_windows_and_tables,user23,3-1-1,2
15_Wipe_windows_and_tables/user23/3-1-2,15_Wipe_windows_and_tables,user23,3-1-2,2
15_Wipe_windows_and_tables/user23/3-1-3,15_Wipe_windows_and_tables,user23,3-1-3,2
15_Wipe_windows_and_tables/user5/5-1-1,15_Wipe_windows_and_tables,user5,5-1-1,0
15_Wipe_windows_and_tables/user5/5-1-2,15_Wipe_windows_and_tables,user5,5-1-2,0
15_Wipe_windows_and_tables/user5/5-1-3,15_Wipe_windows_and_tables,user5,5-1-3,0
15_Wipe_windows_and_tables/user6/3-3-1,15_Wipe_windows_and_tables,user6,3-3-1,3
15_Wipe_windows_and_tables/user6/3-3-3,15_Wipe_windows_and_tables,user6,3-3-3,3
15_Wipe_windows_and_tables/user6/6-2-1,15_Wipe_windows_and_tables,user6,6-2-1,3
15_Wipe_windows_and_tables/user6/6-2-2,15_Wipe_windows_and_tables,user6,6-2-2,3
15_Wipe_windows_and_tables/user6/6-2-3,15_Wipe_windows_and_tables,user6,6-2-3,3
15_Wipe_windows_and_tables/user7/2-2-1,15_Wipe_windows_and_tables,user7,2-2-1,1
15_Wipe_windows_and_tables/user7/2-2-2,15_Wipe_windows_and_tables,user7,2-2-2,1
15_Wipe_windows_and_tables/user7/2-2-3,15_Wipe_windows_and_tables,user7,2-2-3,1
15_Wipe_windows_and_tables/user7/3-3-1,15_Wipe_windows_and_tables,user7,3-3-1,1
15_Wipe_windows_and_tables/user7/3-3-3,15_Wipe_windows_and_tables,user7,3-3-3,1
15_Wipe_windows_and_tables/user8/2-2-1,15_Wipe_windows_and_tables,user8,2-2-1,2
15_Wipe_windows_and_tables/user8/2-2-2,15_Wipe_windows_and_tables,user8,2-2-2,2
15_Wipe_windows_and_tables/user8/2-2-3,15_Wipe_windows_and_tables,user8,2-2-3,2
15_Wipe_windows_and_tables/user8/3-3-1,15_Wipe_windows_and_tables,user8,3-3-1,2
15_Wipe_windows_and_tables/user8/3-3-2,15_Wipe_windows_and_tables,user8,3-3-2,2
15_Wipe_windows_and_tables/user8/3-3-3,15_Wipe_windows_and_tables,user8,3-3-3,2
15_Wipe_windows_and_tables/user9/7-2-1,15_Wipe_windows_and_tables,user9,7-2-1,0
15_Wipe_windows_and_tables/user9/7-2-2,15_Wipe_windows_and_tables,user9,7-2-2,0
15_Wipe_windows_and_tables/user9/7-2-3,15_Wipe_windows_and_tables,user9,7-2-3,0
16_Fold_clothes/user17/6-1-1,16_Fold_clothes,user17,6-1-1,2
16_Fold_clothes/user17/6-1-2,16_Fold_clothes,user17,6-1-2,2
16_Fold_clothes/user17/6-1-3,16_Fold_clothes,user17,6-1-3,2
16_Fold_clothes/user18/2-1-1,16_Fold_clothes,user18,2-1-1,3
16_Fold_clothes/user18/2-1-2,16_Fold_clothes,user18,2-1-2,3
16_Fold_clothes/user18/2-1-3,16_Fold_clothes,user18,2-1-3,3
16_Fold_clothes/user2/1-1-1,16_Fold_clothes,user2,1-1-1,2
16_Fold_clothes/user2/1-1-2,16_Fold_clothes,user2,1-1-2,2
16_Fold_clothes/user2/1-1-3,16_Fold_clothes,user2,1-1-3,2
16_Fold_clothes/user22/3-2-1,16_Fold_clothes,user22,3-2-1,1
16_Fold_clothes/user22/3-2-2,16_Fold_clothes,user22,3-2-2,1
16_Fold_clothes/user22/3-2-3,16_Fold_clothes,user22,3-2-3,1
16_Fold_clothes/user23/4-3-1,16_Fold_clothes,user23,4-3-1,2
16_Fold_clothes/user23/4-3-2,16_Fold_clothes,user23,4-3-2,2
16_Fold_clothes/user23/4-3-3,16_Fold_clothes,user23,4-3-3,2
16_Fold_clothes/user24/4-1-1,16_Fold_clothes,user24,4-1-1,3
16_Fold_clothes/user24/4-1-2,16_Fold_clothes,user24,4-1-2,3
16_Fold_clothes/user24/4-1-3,16_Fold_clothes,user24,4-1-3,3
16_Fold_clothes/user7/6-1-1,16_Fold_clothes,user7,6-1-1,1
16_Fold_clothes/user7/6-1-2,16_Fold_clothes,user7,6-1-2,1
16_Fold_clothes/user7/6-1-3,16_Fold_clothes,user7,6-1-3,1
16_Fold_clothes/user8/2-1-1,16_Fold_clothes,user8,2-1-1,2
16_Fold_clothes/user8/2-1-2,16_Fold_clothes,user8,2-1-2,2
16_Fold_clothes/user8/2-1-3,16_Fold_clothes,user8,2-1-3,2
17_Tap_the_keyboard/user1/2-2-1,17_Tap_the_keyboard,user1,2-2-1,1
17_Tap_the_keyboard/user1/2-2-2,17_Tap_the_keyboard,user1,2-2-2,1
17_Tap_the_keyboard/user1/2-2-3,17_Tap_the_keyboard,user1,2-2-3,1
17_Tap_the_keyboard/user1/3-2-1,17_Tap_the_keyboard,user1,3-2-1,1
17_Tap_the_keyboard/user1/3-2-2,17_Tap_the_keyboard,user1,3-2-2,1
17_Tap_the_keyboard/user1/3-2-3,17_Tap_the_keyboard,user1,3-2-3,1
17_Tap_the_keyboard/user16/4-1-1,17_Tap_the_keyboard,user16,4-1-1,1
17_Tap_the_keyboard/user16/4-1-2,17_Tap_the_keyboard,user16,4-1-2,1
17_Tap_the_keyboard/user16/4-1-3,17_Tap_the_keyboard,user16,4-1-3,1
17_Tap_the_keyboard/user17/4-1-1,17_Tap_the_keyboard,user17,4-1-1,2
17_Tap_the_keyboard/user17/4-1-2,17_Tap_the_keyboard,user17,4-1-2,2
17_Tap_the_keyboard/user17/4-1-3,17_Tap_the_keyboard,user17,4-1-3,2
17_Tap_the_keyboard/user18/5-1-1,17_Tap_the_keyboard,user18,5-1-1,3
17_Tap_the_keyboard/user18/5-1-2,17_Tap_the_keyboard,user18,5-1-2,3
17_Tap_the_keyboard/user18/5-1-3,17_Tap_the_keyboard,user18,5-1-3,3
17_Tap_the_keyboard/user19/1-2-1,17_Tap_the_keyboard,user19,1-2-1,0
17_Tap_the_keyboard/user19/1-2-2,17_Tap_the_keyboard,user19,1-2-2,0
17_Tap_the_keyboard/user19/1-2-3,17_Tap_the_keyboard,user19,1-2-3,0
17_Tap_the_keyboard/user19/4-1-1,17_Tap_the_keyboard,user19,4-1-1,0
17_Tap_the_keyboard/user19/4-1-2,17_Tap_the_keyboard,user19,4-1-2,0
17_Tap_the_keyboard/user19/4-1-3,17_Tap_the_keyboard,user19,4-1-3,0
17_Tap_the_keyboard/user19/4-3-1,17_Tap_the_keyboard,user19,4-3-1,0
17_Tap_the_keyboard/user19/4-3-2,17_Tap_the_keyboard,user19,4-3-2,0
17_Tap_the_keyboard/user19/4-3-3,17_Tap_the_keyboard,user19,4-3-3,0
17_Tap_the_keyboard/user19/6-1-1,17_Tap_the_keyboard,user19,6-1-1,0
17_Tap_the_keyboard/user19/6-1-2,17_Tap_the_keyboard,user19,6-1-2,0
17_Tap_the_keyboard/user19/6-1-3,17_Tap_the_keyboard,user19,6-1-3,0
17_Tap_the_keyboard/user20/2-2-1,17_Tap_the_keyboard,user20,2-2-1,0
17_Tap_the_keyboard/user20/2-2-2,17_Tap_the_keyboard,user20,2-2-2,0
17_Tap_the_keyboard/user20/2-2-3,17_Tap_the_keyboard,user20,2-2-3,0
17_Tap_the_keyboard/user20/4-1-1,17_Tap_the_keyboard,user20,4-1-1,0
17_Tap_the_keyboard/user20/4-1-2,17_Tap_the_keyboard,user20,4-1-2,0
17_Tap_the_keyboard/user20/4-1-3,17_Tap_the_keyboard,user20,4-1-3,0
17_Tap_the_keyboard/user20/5-1-1,17_Tap_the_keyboard,user20,5-1-1,0
17_Tap_the_keyboard/user20/5-1-2,17_Tap_the_keyboard,user20,5-1-2,0
17_Tap_the_keyboard/user20/5-1-3,17_Tap_the_keyboard,user20,5-1-3,0
17_Tap_the_keyboard/user22/1-2-1,17_Tap_the_keyboard,user22,1-2-1,1
17_Tap_the_keyboard/user22/1-2-2,17_Tap_the_keyboard,user22,1-2-2,1
17_Tap_the_keyboard/user22/1-2-3,17_Tap_the_keyboard,user22,1-2-3,1
17_Tap_the_keyboard/user22/4-1-1,17_Tap_the_keyboard,user22,4-1-1,1
17_Tap_the_keyboard/user22/4-1-2,17_Tap_the_keyboard,user22,4-1-2,1
17_Tap_the_keyboard/user22/4-1-3,17_Tap_the_keyboard,user22,4-1-3,1
17_Tap_the_keyboard/user23/5-3-2,17_Tap_the_keyboard,user23,5-3-2,2
17_Tap_the_keyboard/user23/5-3-3,17_Tap_the_keyboard,user23,5-3-3,2
17_Tap_the_keyboard/user24/1-2-1,17_Tap_the_keyboard,user24,1-2-1,3
17_Tap_the_keyboard/user24/1-2-2,17_Tap_the_keyboard,user24,1-2-2,3
17_Tap_the_keyboard/user24/1-2-3,17_Tap_the_keyboard,user24,1-2-3,3
17_Tap_the_keyboard/user24/7-2-1,17_Tap_the_keyboard,user24,7-2-1,3
17_Tap_the_keyboard/user24/7-2-2,17_Tap_the_keyboard,user24,7-2-2,3
17_Tap_the_keyboard/user24/7-2-3,17_Tap_the_keyboard,user24,7-2-3,3
17_Tap_the_keyboard/user3/3-2-1,17_Tap_the_keyboard,user3,3-2-1,3
17_Tap_the_keyboard/user3/3-2-2,17_Tap_the_keyboard,user3,3-2-2,3
17_Tap_the_keyboard/user3/3-2-3,17_Tap_the_keyboard,user3,3-2-3,3
17_Tap_the_keyboard/user3/4-1-1,17_Tap_the_keyboard,user3,4-1-1,3
17_Tap_the_keyboard/user3/4-1-2,17_Tap_the_keyboard,user3,4-1-2,3
17_Tap_the_keyboard/user3/4-1-3,17_Tap_the_keyboard,user3,4-1-3,3
17_Tap_the_keyboard/user4/4-1-1,17_Tap_the_keyboard,user4,4-1-1,0
17_Tap_the_keyboard/user4/4-1-2,17_Tap_the_keyboard,user4,4-1-2,0
17_Tap_the_keyboard/user4/4-1-3,17_Tap_the_keyboard,user4,4-1-3,0
17_Tap_the_keyboard/user4/5-2-1,17_Tap_the_keyboard,user4,5-2-1,0
17_Tap_the_keyboard/user4/5-2-2,17_Tap_the_keyboard,user4,5-2-2,0
17_Tap_the_keyboard/user4/5-2-3,17_Tap_the_keyboard,user4,5-2-3,0
17_Tap_the_keyboard/user5/4-1-1,17_Tap_the_keyboard,user5,4-1-1,0
17_Tap_the_keyboard/user5/4-1-2,17_Tap_the_keyboard,user5,4-1-2,0
17_Tap_the_keyboard/user5/4-1-3,17_Tap_the_keyboard,user5,4-1-3,0
17_Tap_the_keyboard/user6/4-1-1,17_Tap_the_keyboard,user6,4-1-1,3
17_Tap_the_keyboard/user6/4-1-2,17_Tap_the_keyboard,user6,4-1-2,3
17_Tap_the_keyboard/user6/4-1-3,17_Tap_the_keyboard,user6,4-1-3,3
17_Tap_the_keyboard/user7/4-1-1,17_Tap_the_keyboard,user7,4-1-1,1
17_Tap_the_keyboard/user7/4-1-2,17_Tap_the_keyboard,user7,4-1-2,1
17_Tap_the_keyboard/user7/4-1-3,17_Tap_the_keyboard,user7,4-1-3,1
17_Tap_the_keyboard/user7/6-3-1,17_Tap_the_keyboard,user7,6-3-1,1
17_Tap_the_keyboard/user8/5-1-1,17_Tap_the_keyboard,user8,5-1-1,2
17_Tap_the_keyboard/user8/5-1-2,17_Tap_the_keyboard,user8,5-1-2,2
17_Tap_the_keyboard/user8/5-1-3,17_Tap_the_keyboard,user8,5-1-3,2
17_Tap_the_keyboard/user9/1-2-2,17_Tap_the_keyboard,user9,1-2-2,0
17_Tap_the_keyboard/user9/1-2-3,17_Tap_the_keyboard,user9,1-2-3,0
17_Tap_the_keyboard/user9/4-1-1,17_Tap_the_keyboard,user9,4-1-1,0
17_Tap_the_keyboard/user9/4-1-2,17_Tap_the_keyboard,user9,4-1-2,0
17_Tap_the_keyboard/user9/4-1-3,17_Tap_the_keyboard,user9,4-1-3,0
17_Tap_the_keyboard/user9/4-3-1,17_Tap_the_keyboard,user9,4-3-1,0
17_Tap_the_keyboard/user9/4-3-2,17_Tap_the_keyboard,user9,4-3-2,0
17_Tap_the_keyboard/user9/4-3-3,17_Tap_the_keyboard,user9,4-3-3,0
17_Tap_the_keyboard/user9/6-1-1,17_Tap_the_keyboard,user9,6-1-1,0
17_Tap_the_keyboard/user9/6-1-2,17_Tap_the_keyboard,user9,6-1-2,0
17_Tap_the_keyboard/user9/6-1-3,17_Tap_the_keyboard,user9,6-1-3,0
18_Write/user18/4-1-1,18_Write,user18,4-1-1,3
18_Write/user18/4-1-2,18_Write,user18,4-1-2,3
18_Write/user18/4-1-3,18_Write,user18,4-1-3,3
18_Write/user18/6-2-1,18_Write,user18,6-2-1,3
18_Write/user18/6-2-2,18_Write,user18,6-2-2,3
18_Write/user18/6-2-3,18_Write,user18,6-2-3,3
18_Write/user2/4-1-2,18_Write,user2,4-1-2,2
18_Write/user2/4-1-3,18_Write,user2,4-1-3,2
18_Write/user2/4-3-1,18_Write,user2,4-3-1,2
18_Write/user2/4-3-2,18_Write,user2,4-3-2,2
18_Write/user2/4-3-3,18_Write,user2,4-3-3,2
18_Write/user20/2-2-1,18_Write,user20,2-2-1,0
18_Write/user20/2-2-2,18_Write,user20,2-2-2,0
18_Write/user20/2-2-3,18_Write,user20,2-2-3,0
18_Write/user22/3-1-1,18_Write,user22,3-1-1,1
18_Write/user22/3-1-2,18_Write,user22,3-1-2,1
18_Write/user23/4-1-1,18_Write,user23,4-1-1,2
18_Write/user23/4-1-2,18_Write,user23,4-1-2,2
18_Write/user23/4-1-3,18_Write,user23,4-1-3,2
18_Write/user23/7-1-1,18_Write,user23,7-1-1,2
18_Write/user23/7-1-3,18_Write,user23,7-1-3,2
18_Write/user24/1-2-1,18_Write,user24,1-2-1,3
18_Write/user24/1-2-2,18_Write,user24,1-2-2,3
18_Write/user24/1-2-3,18_Write,user24,1-2-3,3
18_Write/user3/3-2-1,18_Write,user3,3-2-1,3
18_Write/user3/3-2-2,18_Write,user3,3-2-2,3
18_Write/user3/3-2-3,18_Write,user3,3-2-3,3
18_Write/user4/4-1-1,18_Write,user4,4-1-1,0
18_Write/user4/4-1-2,18_Write,user4,4-1-2,0
18_Write/user4/4-1-3,18_Write,user4,4-1-3,0
18_Write/user5/4-3-1,18_Write,user5,4-3-1,0
18_Write/user5/4-3-3,18_Write,user5,4-3-3,0
18_Write/user6/4-1-1,18_Write,user6,4-1-1,3
18_Write/user6/4-1-2,18_Write,user6,4-1-2,3
18_Write/user6/4-1-3,18_Write,user6,4-1-3,3
18_Write/user8/6-2-1,18_Write,user8,6-2-1,2
18_Write/user8/6-2-2,18_Write,user8,6-2-2,2
18_Write/user8/6-2-3,18_Write,user8,6-2-3,2
19_Make_a_phone_call/user16/4-1-1,19_Make_a_phone_call,user16,4-1-1,1
19_Make_a_phone_call/user16/4-1-2,19_Make_a_phone_call,user16,4-1-2,1
19_Make_a_phone_call/user16/4-1-3,19_Make_a_phone_call,user16,4-1-3,1
19_Make_a_phone_call/user18/1-2-1,19_Make_a_phone_call,user18,1-2-1,3
19_Make_a_phone_call/user18/1-2-2,19_Make_a_phone_call,user18,1-2-2,3
19_Make_a_phone_call/user18/1-2-3,19_Make_a_phone_call,user18,1-2-3,3
19_Make_a_phone_call/user18/2-1-1,19_Make_a_phone_call,user18,2-1-1,3
19_Make_a_phone_call/user18/2-1-2,19_Make_a_phone_call,user18,2-1-2,3
19_Make_a_phone_call/user18/2-1-3,19_Make_a_phone_call,user18,2-1-3,3
19_Make_a_phone_call/user2/4-1-1,19_Make_a_phone_call,user2,4-1-1,2
19_Make_a_phone_call/user2/4-1-2,19_Make_a_phone_call,user2,4-1-2,2
19_Make_a_phone_call/user2/4-1-3,19_Make_a_phone_call,user2,4-1-3,2
19_Make_a_phone_call/user21/4-1-1,19_Make_a_phone_call,user21,4-1-1,1
19_Make_a_phone_call/user21/4-1-2,19_Make_a_phone_call,user21,4-1-2,1
19_Make_a_phone_call/user21/4-1-3,19_Make_a_phone_call,user21,4-1-3,1
19_Make_a_phone_call/user22/4-1-1,19_Make_a_phone_call,user22,4-1-1,1
19_Make_a_phone_call/user22/4-1-2,19_Make_a_phone_call,user22,4-1-2,1
19_Make_a_phone_call/user22/4-1-3,19_Make_a_phone_call,user22,4-1-3,1
19_Make_a_phone_call/user23/4-2-1,19_Make_a_phone_call,user23,4-2-1,2
19_Make_a_phone_call/user23/4-2-2,19_Make_a_phone_call,user23,4-2-2,2
19_Make_a_phone_call/user23/4-2-3,19_Make_a_phone_call,user23,4-2-3,2
19_Make_a_phone_call/user24/3-2-1,19_Make_a_phone_call,user24,3-2-1,3
19_Make_a_phone_call/user24/3-2-2,19_Make_a_phone_call,user24,3-2-2,3
19_Make_a_phone_call/user24/3-2-3,19_Make_a_phone_call,user24,3-2-3,3
19_Make_a_phone_call/user3/3-2-1,19_Make_a_phone_call,user3,3-2-1,3
19_Make_a_phone_call/user3/3-2-2,19_Make_a_phone_call,user3,3-2-2,3
19_Make_a_phone_call/user3/3-2-3,19_Make_a_phone_call,user3,3-2-3,3
19_Make_a_phone_call/user3/4-1-1,19_Make_a_phone_call,user3,4-1-1,3
19_Make_a_phone_call/user3/4-1-2,19_Make_a_phone_call,user3,4-1-2,3
19_Make_a_phone_call/user3/4-1-3,19_Make_a_phone_call,user3,4-1-3,3
19_Make_a_phone_call/user4/6-1-2,19_Make_a_phone_call,user4,6-1-2,0
19_Make_a_phone_call/user4/6-1-3,19_Make_a_phone_call,user4,6-1-3,0
19_Make_a_phone_call/user5/4-1-1,19_Make_a_phone_call,user5,4-1-1,0
19_Make_a_phone_call/user5/4-1-2,19_Make_a_phone_call,user5,4-1-2,0
19_Make_a_phone_call/user5/4-1-3,19_Make_a_phone_call,user5,4-1-3,0
19_Make_a_phone_call/user6/4-1-1,19_Make_a_phone_call,user6,4-1-1,3
19_Make_a_phone_call/user6/4-1-2,19_Make_a_phone_call,user6,4-1-2,3
19_Make_a_phone_call/user6/4-1-3,19_Make_a_phone_call,user6,4-1-3,3
19_Make_a_phone_call/user8/1-2-1,19_Make_a_phone_call,user8,1-2-1,2
19_Make_a_phone_call/user8/1-2-2,19_Make_a_phone_call,user8,1-2-2,2
19_Make_a_phone_call/user8/1-2-3,19_Make_a_phone_call,user8,1-2-3,2
19_Make_a_phone_call/user8/2-1-1,19_Make_a_phone_call,user8,2-1-1,2
19_Make_a_phone_call/user8/2-1-3,19_Make_a_phone_call,user8,2-1-3,2
1_Brush_teeth/user16/1-1-1,1_Brush_teeth,user16,1-1-1,1
1_Brush_teeth/user16/1-1-2,1_Brush_teeth,user16,1-1-2,1
1_Brush_teeth/user16/1-1-3,1_Brush_teeth,user16,1-1-3,1
1_Brush_teeth/user17/1-1-1,1_Brush_teeth,user17,1-1-1,2
1_Brush_teeth/user17/1-1-2,1_Brush_teeth,user17,1-1-2,2
1_Brush_teeth/user17/1-1-3,1_Brush_teeth,user17,1-1-3,2
1_Brush_teeth/user18/1-1-1,1_Brush_teeth,user18,1-1-1,3
1_Brush_teeth/user18/1-1-2,1_Brush_teeth,user18,1-1-2,3
1_Brush_teeth/user18/1-1-3,1_Brush_teeth,user18,1-1-3,3
1_Brush_teeth/user18/7-1-1,1_Brush_teeth,user18,7-1-1,3
1_Brush_teeth/user18/7-1-2,1_Brush_teeth,user18,7-1-2,3
1_Brush_teeth/user18/7-1-3,1_Brush_teeth,user18,7-1-3,3
1_Brush_teeth/user19/1-1-1,1_Brush_teeth,user19,1-1-1,0
1_Brush_teeth/user19/1-1-2,1_Brush_teeth,user19,1-1-2,0
1_Brush_teeth/user19/1-1-3,1_Brush_teeth,user19,1-1-3,0
1_Brush_teeth/user20/4-2-1,1_Brush_teeth,user20,4-2-1,0
1_Brush_teeth/user20/4-2-2,1_Brush_teeth,user20,4-2-2,0
1_Brush_teeth/user20/4-2-3,1_Brush_teeth,user20,4-2-3,0
1_Brush_teeth/user21/4-2-1,1_Brush_teeth,user21,4-2-1,1
1_Brush_teeth/user21/4-2-2,1_Brush_teeth,user21,4-2-2,1
1_Brush_teeth/user21/4-2-3,1_Brush_teeth,user21,4-2-3,1
1_Brush_teeth/user22/1-1-2,1_Brush_teeth,user22,1-1-2,1
1_Brush_teeth/user22/1-1-3,1_Brush_teeth,user22,1-1-3,1
1_Brush_teeth/user22/2-2-1,1_Brush_teeth,user22,2-2-1,1
1_Brush_teeth/user22/2-2-2,1_Brush_teeth,user22,2-2-2,1
1_Brush_teeth/user22/2-2-3,1_Brush_teeth,user22,2-2-3,1
1_Brush_teeth/user23/1-1-1,1_Brush_teeth,user23,1-1-1,2
1_Brush_teeth/user23/1-1-2,1_Brush_teeth,user23,1-1-2,2
1_Brush_teeth/user23/1-1-3,1_Brush_teeth,user23,1-1-3,2
1_Brush_teeth/user24/6-2-1,1_Brush_teeth,user24,6-2-1,3
1_Brush_teeth/user24/6-2-2,1_Brush_teeth,user24,6-2-2,3
1_Brush_teeth/user24/6-2-3,1_Brush_teeth,user24,6-2-3,3
1_Brush_teeth/user24/7-1-1,1_Brush_teeth,user24,7-1-1,3
1_Brush_teeth/user24/7-1-2,1_Brush_teeth,user24,7-1-2,3
1_Brush_teeth/user24/7-1-3,1_Brush_teeth,user24,7-1-3,3
1_Brush_teeth/user6/1-1-1,1_Brush_teeth,user6,1-1-1,3
1_Brush_teeth/user6/1-1-2,1_Brush_teeth,user6,1-1-2,3
1_Brush_teeth/user6/1-1-3,1_Brush_teeth,user6,1-1-3,3
1_Brush_teeth/user7/1-1-1,1_Brush_teeth,user7,1-1-1,1
1_Brush_teeth/user7/1-1-2,1_Brush_teeth,user7,1-1-2,1
1_Brush_teeth/user7/1-1-3,1_Brush_teeth,user7,1-1-3,1
1_Brush_teeth/user8/1-1-1,1_Brush_teeth,user8,1-1-1,2
1_Brush_teeth/user8/1-1-2,1_Brush_teeth,user8,1-1-2,2
1_Brush_teeth/user8/1-1-3,1_Brush_teeth,user8,1-1-3,2
1_Brush_teeth/user8/7-1-1,1_Brush_teeth,user8,7-1-1,2
1_Brush_teeth/user8/7-1-2,1_Brush_teeth,user8,7-1-2,2
1_Brush_teeth/user8/7-1-3,1_Brush_teeth,user8,7-1-3,2
1_Brush_teeth/user9/1-1-1,1_Brush_teeth,user9,1-1-1,0
20_Check_the_time/user1/3-2-1,20_Check_the_time,user1,3-2-1,1
20_Check_the_time/user1/3-2-2,20_Check_the_time,user1,3-2-2,1
20_Check_the_time/user1/3-2-3,20_Check_the_time,user1,3-2-3,1
20_Check_the_time/user1/5-1-1,20_Check_the_time,user1,5-1-1,1
20_Check_the_time/user1/5-1-2,20_Check_the_time,user1,5-1-2,1
20_Check_the_time/user1/5-1-3,20_Check_the_time,user1,5-1-3,1
20_Check_the_time/user16/4-1-1,20_Check_the_time,user16,4-1-1,1
20_Check_the_time/user16/4-1-2,20_Check_the_time,user16,4-1-2,1
20_Check_the_time/user16/4-1-3,20_Check_the_time,user16,4-1-3,1
20_Check_the_time/user16/5-3-1,20_Check_the_time,user16,5-3-1,1
20_Check_the_time/user16/5-3-2,20_Check_the_time,user16,5-3-2,1
20_Check_the_time/user16/5-3-3,20_Check_the_time,user16,5-3-3,1
20_Check_the_time/user16/7-3-1,20_Check_the_time,user16,7-3-1,1
20_Check_the_time/user16/7-3-2,20_Check_the_time,user16,7-3-2,1
20_Check_the_time/user16/7-3-3,20_Check_the_time,user16,7-3-3,1
20_Check_the_time/user17/1-2-1,20_Check_the_time,user17,1-2-1,2
20_Check_the_time/user17/1-2-2,20_Check_the_time,user17,1-2-2,2
20_Check_the_time/user17/1-2-3,20_Check_the_time,user17,1-2-3,2
20_Check_the_time/user17/4-1-1,20_Check_the_time,user17,4-1-1,2
20_Check_the_time/user17/4-1-2,20_Check_the_time,user17,4-1-2,2
20_Check_the_time/user17/4-1-3,20_Check_the_time,user17,4-1-3,2
20_Check_the_time/user18/2-1-1,20_Check_the_time,user18,2-1-1,3
20_Check_the_time/user18/2-1-2,20_Check_the_time,user18,2-1-2,3
20_Check_the_time/user18/2-1-3,20_Check_the_time,user18,2-1-3,3
20_Check_the_time/user18/5-1-1,20_Check_the_time,user18,5-1-1,3
20_Check_the_time/user18/5-1-2,20_Check_the_time,user18,5-1-2,3
20_Check_the_time/user18/5-1-3,20_Check_the_time,user18,5-1-3,3
20_Check_the_time/user18/6-2-1,20_Check_the_time,user18,6-2-1,3
20_Check_the_time/user18/6-2-2,20_Check_the_time,user18,6-2-2,3
20_Check_the_time/user18/6-2-3,20_Check_the_time,user18,6-2-3,3
20_Check_the_time/user19/4-1-1,20_Check_the_time,user19,4-1-1,0
20_Check_the_time/user19/4-1-2,20_Check_the_time,user19,4-1-2,0
20_Check_the_time/user19/4-1-3,20_Check_the_time,user19,4-1-3,0
20_Check_the_time/user19/5-3-1,20_Check_the_time,user19,5-3-1,0
20_Check_the_time/user19/5-3-2,20_Check_the_time,user19,5-3-2,0
20_Check_the_time/user19/5-3-3,20_Check_the_time,user19,5-3-3,0
20_Check_the_time/user20/1-1-1,20_Check_the_time,user20,1-1-1,0
20_Check_the_time/user20/1-1-2,20_Check_the_time,user20,1-1-2,0
20_Check_the_time/user20/1-1-3,20_Check_the_time,user20,1-1-3,0
20_Check_the_time/user20/2-2-1,20_Check_the_time,user20,2-2-1,0
20_Check_the_time/user20/2-2-2,20_Check_the_time,user20,2-2-2,0
20_Check_the_time/user20/2-2-3,20_Check_the_time,user20,2-2-3,0
20_Check_the_time/user20/4-1-1,20_Check_the_time,user20,4-1-1,0
20_Check_the_time/user20/4-1-2,20_Check_the_time,user20,4-1-2,0
20_Check_the_time/user20/4-1-3,20_Check_the_time,user20,4-1-3,0
20_Check_the_time/user20/5-1-1,20_Check_the_time,user20,5-1-1,0
20_Check_the_time/user20/5-1-2,20_Check_the_time,user20,5-1-2,0
20_Check_the_time/user20/5-1-3,20_Check_the_time,user20,5-1-3,0
20_Check_the_time/user21/2-2-1,20_Check_the_time,user21,2-2-1,1
20_Check_the_time/user21/2-2-2,20_Check_the_time,user21,2-2-2,1
20_Check_the_time/user21/2-2-3,20_Check_the_time,user21,2-2-3,1
20_Check_the_time/user21/6-2-1,20_Check_the_time,user21,6-2-1,1
20_Check_the_time/user21/6-2-2,20_Check_the_time,user21,6-2-2,1
20_Check_the_time/user21/6-2-3,20_Check_the_time,user21,6-2-3,1
20_Check_the_time/user22/6-1-1,20_Check_the_time,user22,6-1-1,1
20_Check_the_time/user22/6-1-2,20_Check_the_time,user22,6-1-2,1
20_Check_the_time/user22/6-1-3,20_Check_the_time,user22,6-1-3,1
20_Check_the_time/user24/7-2-1,20_Check_the_time,user24,7-2-1,3
20_Check_the_time/user24/7-2-2,20_Check_the_time,user24,7-2-2,3
20_Check_the_time/user24/7-2-3,20_Check_the_time,user24,7-2-3,3
20_Check_the_time/user4/5-2-1,20_Check_the_time,user4,5-2-1,0
20_Check_the_time/user4/5-2-2,20_Check_the_time,user4,5-2-2,0
20_Check_the_time/user4/5-2-3,20_Check_the_time,user4,5-2-3,0
20_Check_the_time/user5/4-1-1,20_Check_the_time,user5,4-1-1,0
20_Check_the_time/user5/4-1-2,20_Check_the_time,user5,4-1-2,0
20_Check_the_time/user5/4-1-3,20_Check_the_time,user5,4-1-3,0
20_Check_the_time/user6/4-1-1,20_Check_the_time,user6,4-1-1,3
20_Check_the_time/user6/4-1-2,20_Check_the_time,user6,4-1-2,3
20_Check_the_time/user6/4-1-3,20_Check_the_time,user6,4-1-3,3
20_Check_the_time/user6/5-3-1,20_Check_the_time,user6,5-3-1,3
20_Check_the_time/user6/5-3-2,20_Check_the_time,user6,5-3-2,3
20_Check_the_time/user6/5-3-3,20_Check_the_time,user6,5-3-3,3
20_Check_the_time/user6/6-2-1,20_Check_the_time,user6,6-2-1,3
20_Check_the_time/user6/6-2-2,20_Check_the_time,user6,6-2-2,3
20_Check_the_time/user6/6-2-3,20_Check_the_time,user6,6-2-3,3
20_Check_the_time/user6/7-3-1,20_Check_the_time,user6,7-3-1,3
20_Check_the_time/user6/7-3-2,20_Check_the_time,user6,7-3-2,3
20_Check_the_time/user6/7-3-3,20_Check_the_time,user6,7-3-3,3
20_Check_the_time/user7/4-1-1,20_Check_the_time,user7,4-1-1,1
20_Check_the_time/user7/4-1-2,20_Check_the_time,user7,4-1-2,1
20_Check_the_time/user7/4-1-3,20_Check_the_time,user7,4-1-3,1
20_Check_the_time/user8/2-1-1,20_Check_the_time,user8,2-1-1,2
20_Check_the_time/user8/2-1-2,20_Check_the_time,user8,2-1-2,2
20_Check_the_time/user8/2-1-3,20_Check_the_time,user8,2-1-3,2
20_Check_the_time/user8/5-1-1,20_Check_the_time,user8,5-1-1,2
20_Check_the_time/user8/5-1-2,20_Check_the_time,user8,5-1-2,2
20_Check_the_time/user8/5-1-3,20_Check_the_time,user8,5-1-3,2
20_Check_the_time/user8/6-2-1,20_Check_the_time,user8,6-2-1,2
20_Check_the_time/user9/5-3-1,20_Check_the_time,user9,5-3-1,0
20_Check_the_time/user9/5-3-2,20_Check_the_time,user9,5-3-2,0
20_Check_the_time/user9/5-3-3,20_Check_the_time,user9,5-3-3,0
20_Check_the_time/user9/6-1-1,20_Check_the_time,user9,6-1-1,0
20_Check_the_time/user9/6-1-2,20_Check_the_time,user9,6-1-2,0
20_Check_the_time/user9/6-1-3,20_Check_the_time,user9,6-1-3,0
21_Read_documents/user1/6-2-1,21_Read_documents,user1,6-2-1,1
21_Read_documents/user1/6-2-2,21_Read_documents,user1,6-2-2,1
21_Read_documents/user1/6-2-3,21_Read_documents,user1,6-2-3,1
21_Read_documents/user16/4-1-1,21_Read_documents,user16,4-1-1,1
21_Read_documents/user16/4-1-2,21_Read_documents,user16,4-1-2,1
21_Read_documents/user16/4-1-3,21_Read_documents,user16,4-1-3,1
21_Read_documents/user16/7-3-1,21_Read_documents,user16,7-3-1,1
21_Read_documents/user16/7-3-2,21_Read_documents,user16,7-3-2,1
21_Read_documents/user16/7-3-3,21_Read_documents,user16,7-3-3,1
21_Read_documents/user17/4-1-1,21_Read_documents,user17,4-1-1,2
21_Read_documents/user17/4-1-2,21_Read_documents,user17,4-1-2,2
21_Read_documents/user17/4-1-3,21_Read_documents,user17,4-1-3,2
21_Read_documents/user18/1-2-1,21_Read_documents,user18,1-2-1,3
21_Read_documents/user18/1-2-2,21_Read_documents,user18,1-2-2,3
21_Read_documents/user18/1-2-3,21_Read_documents,user18,1-2-3,3
21_Read_documents/user18/4-1-1,21_Read_documents,user18,4-1-1,3
21_Read_documents/user18/4-1-2,21_Read_documents,user18,4-1-2,3
21_Read_documents/user18/4-1-3,21_Read_documents,user18,4-1-3,3
21_Read_documents/user19/4-1-1,21_Read_documents,user19,4-1-1,0
21_Read_documents/user19/4-1-2,21_Read_documents,user19,4-1-2,0
21_Read_documents/user19/4-1-3,21_Read_documents,user19,4-1-3,0
21_Read_documents/user2/3-2-2,21_Read_documents,user2,3-2-2,2
21_Read_documents/user2/3-2-3,21_Read_documents,user2,3-2-3,2
21_Read_documents/user20/4-1-1,21_Read_documents,user20,4-1-1,0
21_Read_documents/user20/4-1-2,21_Read_documents,user20,4-1-2,0
21_Read_documents/user20/4-1-3,21_Read_documents,user20,4-1-3,0
21_Read_documents/user22/1-2-1,21_Read_documents,user22,1-2-1,1
21_Read_documents/user22/1-2-2,21_Read_documents,user22,1-2-2,1
21_Read_documents/user22/1-2-3,21_Read_documents,user22,1-2-3,1
21_Read_documents/user22/4-1-1,21_Read_documents,user22,4-1-1,1
21_Read_documents/user22/4-1-2,21_Read_documents,user22,4-1-2,1
21_Read_documents/user22/4-1-3,21_Read_documents,user22,4-1-3,1
21_Read_documents/user23/4-1-1,21_Read_documents,user23,4-1-1,2
21_Read_documents/user23/4-1-2,21_Read_documents,user23,4-1-2,2
21_Read_documents/user23/4-1-3,21_Read_documents,user23,4-1-3,2
21_Read_documents/user24/1-2-1,21_Read_documents,user24,1-2-1,3
21_Read_documents/user24/1-2-2,21_Read_documents,user24,1-2-2,3
21_Read_documents/user24/1-2-3,21_Read_documents,user24,1-2-3,3
21_Read_documents/user24/7-2-1,21_Read_documents,user24,7-2-1,3
21_Read_documents/user24/7-2-2,21_Read_documents,user24,7-2-2,3
21_Read_documents/user24/7-2-3,21_Read_documents,user24,7-2-3,3
21_Read_documents/user3/4-1-1,21_Read_documents,user3,4-1-1,3
21_Read_documents/user3/4-1-2,21_Read_documents,user3,4-1-2,3
21_Read_documents/user3/4-1-3,21_Read_documents,user3,4-1-3,3
21_Read_documents/user3/5-2-1,21_Read_documents,user3,5-2-1,3
21_Read_documents/user3/5-2-2,21_Read_documents,user3,5-2-2,3
21_Read_documents/user3/5-2-3,21_Read_documents,user3,5-2-3,3
21_Read_documents/user3/6-2-2,21_Read_documents,user3,6-2-2,3
21_Read_documents/user3/6-2-3,21_Read_documents,user3,6-2-3,3
21_Read_documents/user4/4-1-1,21_Read_documents,user4,4-1-1,0
21_Read_documents/user4/4-1-2,21_Read_documents,user4,4-1-2,0
21_Read_documents/user4/4-1-3,21_Read_documents,user4,4-1-3,0
21_Read_documents/user6/4-1-1,21_Read_documents,user6,4-1-1,3
21_Read_documents/user6/4-1-2,21_Read_documents,user6,4-1-2,3
21_Read_documents/user6/4-1-3,21_Read_documents,user6,4-1-3,3
21_Read_documents/user6/7-3-1,21_Read_documents,user6,7-3-1,3
21_Read_documents/user6/7-3-2,21_Read_documents,user6,7-3-2,3
21_Read_documents/user6/7-3-3,21_Read_documents,user6,7-3-3,3
21_Read_documents/user7/4-1-1,21_Read_documents,user7,4-1-1,1
21_Read_documents/user7/4-1-2,21_Read_documents,user7,4-1-2,1
21_Read_documents/user7/4-1-3,21_Read_documents,user7,4-1-3,1
21_Read_documents/user8/1-2-1,21_Read_documents,user8,1-2-1,2
21_Read_documents/user8/1-2-2,21_Read_documents,user8,1-2-2,2
21_Read_documents/user8/1-2-3,21_Read_documents,user8,1-2-3,2
21_Read_documents/user8/4-1-1,21_Read_documents,user8,4-1-1,2
21_Read_documents/user8/4-1-2,21_Read_documents,user8,4-1-2,2
21_Read_documents/user8/4-1-3,21_Read_documents,user8,4-1-3,2
21_Read_documents/user9/4-1-1,21_Read_documents,user9,4-1-1,0
21_Read_documents/user9/4-1-2,21_Read_documents,user9,4-1-2,0
21_Read_documents/user9/4-1-3,21_Read_documents,user9,4-1-3,0
21_Read_documents/user9/6-1-1,21_Read_documents,user9,6-1-1,0
21_Read_documents/user9/6-1-2,21_Read_documents,user9,6-1-2,0
21_Read_documents/user9/6-1-3,21_Read_documents,user9,6-1-3,0
22_Turn_pages/user1/6-2-1,22_Turn_pages,user1,6-2-1,1
22_Turn_pages/user1/6-2-2,22_Turn_pages,user1,6-2-2,1
22_Turn_pages/user1/6-2-3,22_Turn_pages,user1,6-2-3,1
22_Turn_pages/user16/4-1-1,22_Turn_pages,user16,4-1-1,1
22_Turn_pages/user16/4-1-2,22_Turn_pages,user16,4-1-2,1
22_Turn_pages/user16/4-1-3,22_Turn_pages,user16,4-1-3,1
22_Turn_pages/user16/7-3-1,22_Turn_pages,user16,7-3-1,1
22_Turn_pages/user16/7-3-2,22_Turn_pages,user16,7-3-2,1
22_Turn_pages/user16/7-3-3,22_Turn_pages,user16,7-3-3,1
22_Turn_pages/user18/1-2-1,22_Turn_pages,user18,1-2-1,3
22_Turn_pages/user18/1-2-2,22_Turn_pages,user18,1-2-2,3
22_Turn_pages/user18/1-2-3,22_Turn_pages,user18,1-2-3,3
22_Turn_pages/user18/4-1-1,22_Turn_pages,user18,4-1-1,3
22_Turn_pages/user18/4-1-2,22_Turn_pages,user18,4-1-2,3
22_Turn_pages/user18/4-1-3,22_Turn_pages,user18,4-1-3,3
22_Turn_pages/user2/3-2-2,22_Turn_pages,user2,3-2-2,2
22_Turn_pages/user2/3-2-3,22_Turn_pages,user2,3-2-3,2
22_Turn_pages/user20/2-2-1,22_Turn_pages,user20,2-2-1,0
22_Turn_pages/user20/2-2-2,22_Turn_pages,user20,2-2-2,0
22_Turn_pages/user20/2-2-3,22_Turn_pages,user20,2-2-3,0
22_Turn_pages/user20/4-1-1,22_Turn_pages,user20,4-1-1,0
22_Turn_pages/user20/4-1-2,22_Turn_pages,user20,4-1-2,0
22_Turn_pages/user20/4-1-3,22_Turn_pages,user20,4-1-3,0
22_Turn_pages/user21/2-2-1,22_Turn_pages,user21,2-2-1,1
22_Turn_pages/user21/2-2-2,22_Turn_pages,user21,2-2-2,1
22_Turn_pages/user21/2-2-3,22_Turn_pages,user21,2-2-3,1
22_Turn_pages/user22/4-1-1,22_Turn_pages,user22,4-1-1,1
22_Turn_pages/user22/4-1-2,22_Turn_pages,user22,4-1-2,1
22_Turn_pages/user22/4-1-3,22_Turn_pages,user22,4-1-3,1
22_Turn_pages/user24/1-2-1,22_Turn_pages,user24,1-2-1,3
22_Turn_pages/user24/1-2-2,22_Turn_pages,user24,1-2-2,3
22_Turn_pages/user24/1-2-3,22_Turn_pages,user24,1-2-3,3
22_Turn_pages/user24/7-2-1,22_Turn_pages,user24,7-2-1,3
22_Turn_pages/user24/7-2-2,22_Turn_pages,user24,7-2-2,3
22_Turn_pages/user24/7-2-3,22_Turn_pages,user24,7-2-3,3
22_Turn_pages/user3/4-1-1,22_Turn_pages,user3,4-1-1,3
22_Turn_pages/user3/4-1-2,22_Turn_pages,user3,4-1-2,3
22_Turn_pages/user3/4-1-3,22_Turn_pages,user3,4-1-3,3
22_Turn_pages/user3/5-2-1,22_Turn_pages,user3,5-2-1,3
22_Turn_pages/user3/5-2-2,22_Turn_pages,user3,5-2-2,3
22_Turn_pages/user3/5-2-3,22_Turn_pages,user3,5-2-3,3
22_Turn_pages/user4/4-1-1,22_Turn_pages,user4,4-1-1,0
22_Turn_pages/user4/4-1-2,22_Turn_pages,user4,4-1-2,0
22_Turn_pages/user4/4-1-3,22_Turn_pages,user4,4-1-3,0
22_Turn_pages/user5/2-1-1,22_Turn_pages,user5,2-1-1,0
22_Turn_pages/user5/2-1-2,22_Turn_pages,user5,2-1-2,0
22_Turn_pages/user5/2-1-3,22_Turn_pages,user5,2-1-3,0
22_Turn_pages/user6/4-1-1,22_Turn_pages,user6,4-1-1,3
22_Turn_pages/user6/4-1-2,22_Turn_pages,user6,4-1-2,3
22_Turn_pages/user6/4-1-3,22_Turn_pages,user6,4-1-3,3
22_Turn_pages/user6/7-3-1,22_Turn_pages,user6,7-3-1,3
22_Turn_pages/user6/7-3-2,22_Turn_pages,user6,7-3-2,3
22_Turn_pages/user6/7-3-3,22_Turn_pages,user6,7-3-3,3
22_Turn_pages/user8/4-1-1,22_Turn_pages,user8,4-1-1,2
22_Turn_pages/user8/4-1-2,22_Turn_pages,user8,4-1-2,2
22_Turn_pages/user8/4-1-3,22_Turn_pages,user8,4-1-3,2
22_Turn_pages/user8/6-2-1,22_Turn_pages,user8,6-2-1,2
22_Turn_pages/user8/6-2-2,22_Turn_pages,user8,6-2-2,2
22_Turn_pages/user8/6-2-3,22_Turn_pages,user8,6-2-3,2
23_Listen_to_music_with_headphones/user1/5-1-1,23_Listen_to_music_with_headphones,user1,5-1-1,1
23_Listen_to_music_with_headphones/user1/5-1-2,23_Listen_to_music_with_headphones,user1,5-1-2,1
23_Listen_to_music_with_headphones/user1/5-1-3,23_Listen_to_music_with_headphones,user1,5-1-3,1
23_Listen_to_music_with_headphones/user16/4-1-1,23_Listen_to_music_with_headphones,user16,4-1-1,1
23_Listen_to_music_with_headphones/user16/4-1-2,23_Listen_to_music_with_headphones,user16,4-1-2,1
23_Listen_to_music_with_headphones/user16/4-1-3,23_Listen_to_music_with_headphones,user16,4-1-3,1
23_Listen_to_music_with_headphones/user16/5-1-1,23_Listen_to_music_with_headphones,user16,5-1-1,1
23_Listen_to_music_with_headphones/user16/5-1-2,23_Listen_to_music_with_headphones,user16,5-1-2,1
23_Listen_to_music_with_headphones/user16/5-1-3,23_Listen_to_music_with_headphones,user16,5-1-3,1
23_Listen_to_music_with_headphones/user17/6-2-1,23_Listen_to_music_with_headphones,user17,6-2-1,2
23_Listen_to_music_with_headphones/user17/6-2-2,23_Listen_to_music_with_headphones,user17,6-2-2,2
23_Listen_to_music_with_headphones/user17/6-2-3,23_Listen_to_music_with_headphones,user17,6-2-3,2
23_Listen_to_music_with_headphones/user17/7-1-1,23_Listen_to_music_with_headphones,user17,7-1-1,2
23_Listen_to_music_with_headphones/user17/7-1-2,23_Listen_to_music_with_headphones,user17,7-1-2,2
23_Listen_to_music_with_headphones/user17/7-1-3,23_Listen_to_music_with_headphones,user17,7-1-3,2
23_Listen_to_music_with_headphones/user18/1-2-1,23_Listen_to_music_with_headphones,user18,1-2-1,3
23_Listen_to_music_with_headphones/user18/1-2-2,23_Listen_to_music_with_headphones,user18,1-2-2,3
23_Listen_to_music_with_headphones/user18/1-2-3,23_Listen_to_music_with_headphones,user18,1-2-3,3
23_Listen_to_music_with_headphones/user19/1-2-1,23_Listen_to_music_with_headphones,user19,1-2-1,0
23_Listen_to_music_with_headphones/user19/1-2-2,23_Listen_to_music_with_headphones,user19,1-2-2,0
23_Listen_to_music_with_headphones/user19/1-2-3,23_Listen_to_music_with_headphones,user19,1-2-3,0
23_Listen_to_music_with_headphones/user19/3-3-1,23_Listen_to_music_with_headphones,user19,3-3-1,0
23_Listen_to_music_with_headphones/user19/3-3-2,23_Listen_to_music_with_headphones,user19,3-3-2,0
23_Listen_to_music_with_headphones/user19/3-3-3,23_Listen_to_music_with_headphones,user19,3-3-3,0
23_Listen_to_music_with_headphones/user2/6-1-2,23_Listen_to_music_with_headphones,user2,6-1-2,2
23_Listen_to_music_with_headphones/user2/7-3-1,23_Listen_to_music_with_headphones,user2,7-3-1,2
23_Listen_to_music_with_headphones/user2/7-3-2,23_Listen_to_music_with_headphones,user2,7-3-2,2
23_Listen_to_music_with_headphones/user2/7-3-3,23_Listen_to_music_with_headphones,user2,7-3-3,2
23_Listen_to_music_with_headphones/user20/6-3-1,23_Listen_to_music_with_headphones,user20,6-3-1,0
23_Listen_to_music_with_headphones/user20/6-3-2,23_Listen_to_music_with_headphones,user20,6-3-2,0
23_Listen_to_music_with_headphones/user20/6-3-3,23_Listen_to_music_with_headphones,user20,6-3-3,0
23_Listen_to_music_with_headphones/user21/1-2-1,23_Listen_to_music_with_headphones,user21,1-2-1,1
23_Listen_to_music_with_headphones/user21/1-2-2,23_Listen_to_music_with_headphones,user21,1-2-2,1
23_Listen_to_music_with_headphones/user21/1-2-3,23_Listen_to_music_with_headphones,user21,1-2-3,1
23_Listen_to_music_with_headphones/user21/5-2-1,23_Listen_to_music_with_headphones,user21,5-2-1,1
23_Listen_to_music_with_headphones/user21/5-2-2,23_Listen_to_music_with_headphones,user21,5-2-2,1
23_Listen_to_music_with_headphones/user21/5-2-3,23_Listen_to_music_with_headphones,user21,5-2-3,1
23_Listen_to_music_with_headphones/user22/1-2-1,23_Listen_to_music_with_headphones,user22,1-2-1,1
23_Listen_to_music_with_headphones/user22/1-2-2,23_Listen_to_music_with_headphones,user22,1-2-2,1
23_Listen_to_music_with_headphones/user22/1-2-3,23_Listen_to_music_with_headphones,user22,1-2-3,1
23_Listen_to_music_with_headphones/user23/4-2-1,23_Listen_to_music_with_headphones,user23,4-2-1,2
23_Listen_to_music_with_headphones/user23/4-2-2,23_Listen_to_music_with_headphones,user23,4-2-2,2
23_Listen_to_music_with_headphones/user23/4-2-3,23_Listen_to_music_with_headphones,user23,4-2-3,2
23_Listen_to_music_with_headphones/user23/5-1-1,23_Listen_to_music_with_headphones,user23,5-1-1,2
23_Listen_to_music_with_headphones/user23/5-1-2,23_Listen_to_music_with_headphones,user23,5-1-2,2
23_Listen_to_music_with_headphones/user24/5-1-1,23_Listen_to_music_with_headphones,user24,5-1-1,3
23_Listen_to_music_with_headphones/user24/5-1-2,23_Listen_to_music_with_headphones,user24,5-1-2,3
23_Listen_to_music_with_headphones/user24/5-1-3,23_Listen_to_music_with_headphones,user24,5-1-3,3
23_Listen_to_music_with_headphones/user24/7-2-1,23_Listen_to_music_with_headphones,user24,7-2-1,3
23_Listen_to_music_with_headphones/user24/7-2-2,23_Listen_to_music_with_headphones,user24,7-2-2,3
23_Listen_to_music_with_headphones/user24/7-2-3,23_Listen_to_music_with_headphones,user24,7-2-3,3
23_Listen_to_music_with_headphones/user3/1-2-1,23_Listen_to_music_with_headphones,user3,1-2-1,3
23_Listen_to_music_with_headphones/user3/1-2-2,23_Listen_to_music_with_headphones,user3,1-2-2,3
23_Listen_to_music_with_headphones/user3/3-2-1,23_Listen_to_music_with_headphones,user3,3-2-1,3
23_Listen_to_music_with_headphones/user3/3-2-2,23_Listen_to_music_with_headphones,user3,3-2-2,3
23_Listen_to_music_with_headphones/user3/3-2-3,23_Listen_to_music_with_headphones,user3,3-2-3,3
23_Listen_to_music_with_headphones/user6/4-1-1,23_Listen_to_music_with_headphones,user6,4-1-1,3
23_Listen_to_music_with_headphones/user6/4-1-2,23_Listen_to_music_with_headphones,user6,4-1-2,3
23_Listen_to_music_with_headphones/user6/4-1-3,23_Listen_to_music_with_headphones,user6,4-1-3,3
23_Listen_to_music_with_headphones/user7/6-2-1,23_Listen_to_music_with_headphones,user7,6-2-1,1
23_Listen_to_music_with_headphones/user7/6-2-2,23_Listen_to_music_with_headphones,user7,6-2-2,1
23_Listen_to_music_with_headphones/user7/6-2-3,23_Listen_to_music_with_headphones,user7,6-2-3,1
23_Listen_to_music_with_headphones/user7/7-1-1,23_Listen_to_music_with_headphones,user7,7-1-1,1
23_Listen_to_music_with_headphones/user7/7-1-2,23_Listen_to_music_with_headphones,user7,7-1-2,1
23_Listen_to_music_with_headphones/user7/7-1-3,23_Listen_to_music_with_headphones,user7,7-1-3,1
23_Listen_to_music_with_headphones/user8/2-1-1,23_Listen_to_music_with_headphones,user8,2-1-1,2
23_Listen_to_music_with_headphones/user8/2-1-2,23_Listen_to_music_with_headphones,user8,2-1-2,2
23_Listen_to_music_with_headphones/user8/2-1-3,23_Listen_to_music_with_headphones,user8,2-1-3,2
23_Listen_to_music_with_headphones/user8/4-1-3,23_Listen_to_music_with_headphones,user8,4-1-3,2
23_Listen_to_music_with_headphones/user9/1-2-1,23_Listen_to_music_with_headphones,user9,1-2-1,0
23_Listen_to_music_with_headphones/user9/1-2-2,23_Listen_to_music_with_headphones,user9,1-2-2,0
23_Listen_to_music_with_headphones/user9/1-2-3,23_Listen_to_music_with_headphones,user9,1-2-3,0
23_Listen_to_music_with_headphones/user9/3-3-1,23_Listen_to_music_with_headphones,user9,3-3-1,0
23_Listen_to_music_with_headphones/user9/3-3-2,23_Listen_to_music_with_headphones,user9,3-3-2,0
23_Listen_to_music_with_headphones/user9/3-3-3,23_Listen_to_music_with_headphones,user9,3-3-3,0
24_Use_a_mobile_phone/user16/6-2-1,24_Use_a_mobile_phone,user16,6-2-1,1
24_Use_a_mobile_phone/user16/6-2-2,24_Use_a_mobile_phone,user16,6-2-2,1
24_Use_a_mobile_phone/user16/6-2-3,24_Use_a_mobile_phone,user16,6-2-3,1
24_Use_a_mobile_phone/user17/1-2-3,24_Use_a_mobile_phone,user17,1-2-3,2
24_Use_a_mobile_phone/user2/6-1-1,24_Use_a_mobile_phone,user2,6-1-1,2
24_Use_a_mobile_phone/user2/6-1-2,24_Use_a_mobile_phone,user2,6-1-2,2
24_Use_a_mobile_phone/user2/7-3-1,24_Use_a_mobile_phone,user2,7-3-1,2
24_Use_a_mobile_phone/user2/7-3-2,24_Use_a_mobile_phone,user2,7-3-2,2
24_Use_a_mobile_phone/user2/7-3-3,24_Use_a_mobile_phone,user2,7-3-3,2
24_Use_a_mobile_phone/user20/4-1-1,24_Use_a_mobile_phone,user20,4-1-1,0
24_Use_a_mobile_phone/user20/4-1-2,24_Use_a_mobile_phone,user20,4-1-2,0
24_Use_a_mobile_phone/user20/4-1-3,24_Use_a_mobile_phone,user20,4-1-3,0
24_Use_a_mobile_phone/user21/1-2-1,24_Use_a_mobile_phone,user21,1-2-1,1
24_Use_a_mobile_phone/user21/1-2-2,24_Use_a_mobile_phone,user21,1-2-2,1
24_Use_a_mobile_phone/user21/1-2-3,24_Use_a_mobile_phone,user21,1-2-3,1
24_Use_a_mobile_phone/user21/4-1-1,24_Use_a_mobile_phone,user21,4-1-1,1
24_Use_a_mobile_phone/user21/4-1-2,24_Use_a_mobile_phone,user21,4-1-2,1
24_Use_a_mobile_phone/user21/4-1-3,24_Use_a_mobile_phone,user21,4-1-3,1
24_Use_a_mobile_phone/user21/5-2-1,24_Use_a_mobile_phone,user21,5-2-1,1
24_Use_a_mobile_phone/user21/5-2-2,24_Use_a_mobile_phone,user21,5-2-2,1
24_Use_a_mobile_phone/user21/5-2-3,24_Use_a_mobile_phone,user21,5-2-3,1
24_Use_a_mobile_phone/user22/5-2-1,24_Use_a_mobile_phone,user22,5-2-1,1
24_Use_a_mobile_phone/user22/5-2-2,24_Use_a_mobile_phone,user22,5-2-2,1
24_Use_a_mobile_phone/user22/5-2-3,24_Use_a_mobile_phone,user22,5-2-3,1
24_Use_a_mobile_phone/user23/7-3-1,24_Use_a_mobile_phone,user23,7-3-1,2
24_Use_a_mobile_phone/user23/7-3-2,24_Use_a_mobile_phone,user23,7-3-2,2
24_Use_a_mobile_phone/user23/7-3-3,24_Use_a_mobile_phone,user23,7-3-3,2
24_Use_a_mobile_phone/user24/4-1-1,24_Use_a_mobile_phone,user24,4-1-1,3
24_Use_a_mobile_phone/user24/4-1-2,24_Use_a_mobile_phone,user24,4-1-2,3
24_Use_a_mobile_phone/user24/4-1-3,24_Use_a_mobile_phone,user24,4-1-3,3
24_Use_a_mobile_phone/user24/5-1-1,24_Use_a_mobile_phone,user24,5-1-1,3
24_Use_a_mobile_phone/user24/5-1-2,24_Use_a_mobile_phone,user24,5-1-2,3
24_Use_a_mobile_phone/user24/5-1-3,24_Use_a_mobile_phone,user24,5-1-3,3
24_Use_a_mobile_phone/user4/3-2-1,24_Use_a_mobile_phone,user4,3-2-1,0
24_Use_a_mobile_phone/user4/3-2-2,24_Use_a_mobile_phone,user4,3-2-2,0
24_Use_a_mobile_phone/user4/3-2-3,24_Use_a_mobile_phone,user4,3-2-3,0
24_Use_a_mobile_phone/user4/6-1-1,24_Use_a_mobile_phone,user4,6-1-1,0
24_Use_a_mobile_phone/user4/6-1-2,24_Use_a_mobile_phone,user4,6-1-2,0
24_Use_a_mobile_phone/user4/6-1-3,24_Use_a_mobile_phone,user4,6-1-3,0
24_Use_a_mobile_phone/user6/5-1-1,24_Use_a_mobile_phone,user6,5-1-1,3
24_Use_a_mobile_phone/user6/5-1-2,24_Use_a_mobile_phone,user6,5-1-2,3
24_Use_a_mobile_phone/user6/5-1-3,24_Use_a_mobile_phone,user6,5-1-3,3
24_Use_a_mobile_phone/user6/6-2-1,24_Use_a_mobile_phone,user6,6-2-1,3
24_Use_a_mobile_phone/user6/6-2-2,24_Use_a_mobile_phone,user6,6-2-2,3
24_Use_a_mobile_phone/user6/6-2-3,24_Use_a_mobile_phone,user6,6-2-3,3
24_Use_a_mobile_phone/user7/1-2-1,24_Use_a_mobile_phone,user7,1-2-1,1
24_Use_a_mobile_phone/user7/1-2-2,24_Use_a_mobile_phone,user7,1-2-2,1
24_Use_a_mobile_phone/user7/1-2-3,24_Use_a_mobile_phone,user7,1-2-3,1
25_Watch_TV/user1/5-1-1,25_Watch_TV,user1,5-1-1,1
25_Watch_TV/user1/5-1-2,25_Watch_TV,user1,5-1-2,1
25_Watch_TV/user1/5-1-3,25_Watch_TV,user1,5-1-3,1
25_Watch_TV/user24/2-2-1,25_Watch_TV,user24,2-2-1,3
25_Watch_TV/user24/2-2-2,25_Watch_TV,user24,2-2-2,3
25_Watch_TV/user24/2-2-3,25_Watch_TV,user24,2-2-3,3
25_Watch_TV/user24/5-3-1,25_Watch_TV,user24,5-3-1,3
25_Watch_TV/user24/5-3-2,25_Watch_TV,user24,5-3-2,3
25_Watch_TV/user24/5-3-3,25_Watch_TV,user24,5-3-3,3
25_Watch_TV/user7/5-1-1,25_Watch_TV,user7,5-1-1,1
25_Watch_TV/user7/5-1-2,25_Watch_TV,user7,5-1-2,1
25_Watch_TV/user7/5-1-3,25_Watch_TV,user7,5-1-3,1
26_Play_games/user16/5-3-1,26_Play_games,user16,5-3-1,1
26_Play_games/user16/5-3-2,26_Play_games,user16,5-3-2,1
26_Play_games/user16/5-3-3,26_Play_games,user16,5-3-3,1
26_Play_games/user19/3-1-1,26_Play_games,user19,3-1-1,0
26_Play_games/user19/3-1-2,26_Play_games,user19,3-1-2,0
26_Play_games/user19/3-1-3,26_Play_games,user19,3-1-3,0
26_Play_games/user19/5-1-1,26_Play_games,user19,5-1-1,0
26_Play_games/user19/5-1-2,26_Play_games,user19,5-1-2,0
26_Play_games/user19/5-1-3,26_Play_games,user19,5-1-3,0
26_Play_games/user19/5-3-1,26_Play_games,user19,5-3-1,0
26_Play_games/user19/5-3-2,26_Play_games,user19,5-3-2,0
26_Play_games/user19/6-2-1,26_Play_games,user19,6-2-1,0
26_Play_games/user19/6-2-2,26_Play_games,user19,6-2-2,0
26_Play_games/user19/6-2-3,26_Play_games,user19,6-2-3,0
26_Play_games/user23/5-1-1,26_Play_games,user23,5-1-1,2
26_Play_games/user23/5-1-2,26_Play_games,user23,5-1-2,2
26_Play_games/user23/5-1-3,26_Play_games,user23,5-1-3,2
26_Play_games/user24/4-1-1,26_Play_games,user24,4-1-1,3
26_Play_games/user24/4-1-2,26_Play_games,user24,4-1-2,3
26_Play_games/user24/4-1-3,26_Play_games,user24,4-1-3,3
26_Play_games/user24/4-3-1,26_Play_games,user24,4-3-1,3
26_Play_games/user24/4-3-2,26_Play_games,user24,4-3-2,3
26_Play_games/user24/4-3-3,26_Play_games,user24,4-3-3,3
26_Play_games/user24/5-3-1,26_Play_games,user24,5-3-1,3
26_Play_games/user24/5-3-2,26_Play_games,user24,5-3-2,3
26_Play_games/user24/5-3-3,26_Play_games,user24,5-3-3,3
26_Play_games/user6/5-3-1,26_Play_games,user6,5-3-1,3
26_Play_games/user6/5-3-2,26_Play_games,user6,5-3-2,3
26_Play_games/user9/3-1-1,26_Play_games,user9,3-1-1,0
26_Play_games/user9/3-1-2,26_Play_games,user9,3-1-2,0
26_Play_games/user9/3-1-3,26_Play_games,user9,3-1-3,0
26_Play_games/user9/5-1-1,26_Play_games,user9,5-1-1,0
26_Play_games/user9/5-1-2,26_Play_games,user9,5-1-2,0
26_Play_games/user9/5-1-3,26_Play_games,user9,5-1-3,0
26_Play_games/user9/5-3-1,26_Play_games,user9,5-3-1,0
26_Play_games/user9/5-3-2,26_Play_games,user9,5-3-2,0
26_Play_games/user9/5-3-3,26_Play_games,user9,5-3-3,0
26_Play_games/user9/6-2-1,26_Play_games,user9,6-2-1,0
26_Play_games/user9/6-2-2,26_Play_games,user9,6-2-2,0
26_Play_games/user9/6-2-3,26_Play_games,user9,6-2-3,0
27_Take_a_selfie/user1/5-1-1,27_Take_a_selfie,user1,5-1-1,1
27_Take_a_selfie/user1/5-1-2,27_Take_a_selfie,user1,5-1-2,1
27_Take_a_selfie/user1/5-1-3,27_Take_a_selfie,user1,5-1-3,1
27_Take_a_selfie/user17/1-2-1,27_Take_a_selfie,user17,1-2-1,2
27_Take_a_selfie/user17/1-2-2,27_Take_a_selfie,user17,1-2-2,2
27_Take_a_selfie/user17/1-2-3,27_Take_a_selfie,user17,1-2-3,2
27_Take_a_selfie/user18/1-2-1,27_Take_a_selfie,user18,1-2-1,3
27_Take_a_selfie/user18/1-2-2,27_Take_a_selfie,user18,1-2-2,3
27_Take_a_selfie/user18/1-2-3,27_Take_a_selfie,user18,1-2-3,3
27_Take_a_selfie/user19/6-2-1,27_Take_a_selfie,user19,6-2-1,0
27_Take_a_selfie/user19/6-2-2,27_Take_a_selfie,user19,6-2-2,0
27_Take_a_selfie/user19/6-2-3,27_Take_a_selfie,user19,6-2-3,0
27_Take_a_selfie/user20/7-2-1,27_Take_a_selfie,user20,7-2-1,0
27_Take_a_selfie/user20/7-2-2,27_Take_a_selfie,user20,7-2-2,0
27_Take_a_selfie/user20/7-2-3,27_Take_a_selfie,user20,7-2-3,0
27_Take_a_selfie/user21/5-1-1,27_Take_a_selfie,user21,5-1-1,1
27_Take_a_selfie/user21/5-1-2,27_Take_a_selfie,user21,5-1-2,1
27_Take_a_selfie/user21/5-1-3,27_Take_a_selfie,user21,5-1-3,1
27_Take_a_selfie/user22/4-2-1,27_Take_a_selfie,user22,4-2-1,1
27_Take_a_selfie/user22/4-2-2,27_Take_a_selfie,user22,4-2-2,1
27_Take_a_selfie/user22/4-2-3,27_Take_a_selfie,user22,4-2-3,1
27_Take_a_selfie/user23/3-2-2,27_Take_a_selfie,user23,3-2-2,2
27_Take_a_selfie/user23/3-2-3,27_Take_a_selfie,user23,3-2-3,2
27_Take_a_selfie/user23/4-2-1,27_Take_a_selfie,user23,4-2-1,2
27_Take_a_selfie/user23/4-2-2,27_Take_a_selfie,user23,4-2-2,2
27_Take_a_selfie/user23/4-2-3,27_Take_a_selfie,user23,4-2-3,2
27_Take_a_selfie/user24/1-1-1,27_Take_a_selfie,user24,1-1-1,3
27_Take_a_selfie/user24/1-1-2,27_Take_a_selfie,user24,1-1-2,3
27_Take_a_selfie/user24/1-1-3,27_Take_a_selfie,user24,1-1-3,3
27_Take_a_selfie/user4/3-2-1,27_Take_a_selfie,user4,3-2-1,0
27_Take_a_selfie/user4/3-2-2,27_Take_a_selfie,user4,3-2-2,0
27_Take_a_selfie/user4/3-2-3,27_Take_a_selfie,user4,3-2-3,0
27_Take_a_selfie/user7/1-2-1,27_Take_a_selfie,user7,1-2-1,1
27_Take_a_selfie/user7/1-2-2,27_Take_a_selfie,user7,1-2-2,1
27_Take_a_selfie/user7/1-2-3,27_Take_a_selfie,user7,1-2-3,1
27_Take_a_selfie/user8/1-2-1,27_Take_a_selfie,user8,1-2-1,2
27_Take_a_selfie/user8/1-2-2,27_Take_a_selfie,user8,1-2-2,2
27_Take_a_selfie/user8/1-2-3,27_Take_a_selfie,user8,1-2-3,2
27_Take_a_selfie/user9/6-2-1,27_Take_a_selfie,user9,6-2-1,0
27_Take_a_selfie/user9/6-2-2,27_Take_a_selfie,user9,6-2-2,0
27_Take_a_selfie/user9/6-2-3,27_Take_a_selfie,user9,6-2-3,0
28_Jog_in_place/user16/4-1-1,28_Jog_in_place,user16,4-1-1,1
28_Jog_in_place/user16/4-1-2,28_Jog_in_place,user16,4-1-2,1
28_Jog_in_place/user16/4-1-3,28_Jog_in_place,user16,4-1-3,1
28_Jog_in_place/user17/3-1-1,28_Jog_in_place,user17,3-1-1,2
28_Jog_in_place/user17/3-1-2,28_Jog_in_place,user17,3-1-2,2
28_Jog_in_place/user17/3-1-3,28_Jog_in_place,user17,3-1-3,2
28_Jog_in_place/user18/5-1-1,28_Jog_in_place,user18,5-1-1,3
28_Jog_in_place/user18/5-1-2,28_Jog_in_place,user18,5-1-2,3
28_Jog_in_place/user18/5-1-3,28_Jog_in_place,user18,5-1-3,3
28_Jog_in_place/user2/5-1-1,28_Jog_in_place,user2,5-1-1,2
28_Jog_in_place/user2/5-1-2,28_Jog_in_place,user2,5-1-2,2
28_Jog_in_place/user2/5-1-3,28_Jog_in_place,user2,5-1-3,2
28_Jog_in_place/user2/6-1-1,28_Jog_in_place,user2,6-1-1,2
28_Jog_in_place/user2/6-1-2,28_Jog_in_place,user2,6-1-2,2
28_Jog_in_place/user22/7-2-1,28_Jog_in_place,user22,7-2-1,1
28_Jog_in_place/user22/7-2-2,28_Jog_in_place,user22,7-2-2,1
28_Jog_in_place/user22/7-2-3,28_Jog_in_place,user22,7-2-3,1
28_Jog_in_place/user23/3-2-2,28_Jog_in_place,user23,3-2-2,2
28_Jog_in_place/user23/3-2-3,28_Jog_in_place,user23,3-2-3,2
28_Jog_in_place/user24/3-2-1,28_Jog_in_place,user24,3-2-1,3
28_Jog_in_place/user24/3-2-2,28_Jog_in_place,user24,3-2-2,3
28_Jog_in_place/user24/3-2-3,28_Jog_in_place,user24,3-2-3,3
28_Jog_in_place/user3/2-1-1,28_Jog_in_place,user3,2-1-1,3
28_Jog_in_place/user3/2-1-2,28_Jog_in_place,user3,2-1-2,3
28_Jog_in_place/user3/2-1-3,28_Jog_in_place,user3,2-1-3,3
28_Jog_in_place/user4/3-2-1,28_Jog_in_place,user4,3-2-1,0
28_Jog_in_place/user4/3-2-2,28_Jog_in_place,user4,3-2-2,0
28_Jog_in_place/user4/3-2-3,28_Jog_in_place,user4,3-2-3,0
28_Jog_in_place/user6/4-1-1,28_Jog_in_place,user6,4-1-1,3
28_Jog_in_place/user6/4-1-2,28_Jog_in_place,user6,4-1-2,3
28_Jog_in_place/user6/4-1-3,28_Jog_in_place,user6,4-1-3,3
28_Jog_in_place/user7/3-1-1,28_Jog_in_place,user7,3-1-1,1
28_Jog_in_place/user7/3-1-2,28_Jog_in_place,user7,3-1-2,1
28_Jog_in_place/user7/3-1-3,28_Jog_in_place,user7,3-1-3,1
28_Jog_in_place/user8/5-1-1,28_Jog_in_place,user8,5-1-1,2
28_Jog_in_place/user8/5-1-2,28_Jog_in_place,user8,5-1-2,2
28_Jog_in_place/user8/5-1-3,28_Jog_in_place,user8,5-1-3,2
29_Do_squats/user1/1-1-1,29_Do_squats,user1,1-1-1,1
29_Do_squats/user1/1-1-2,29_Do_squats,user1,1-1-2,1
29_Do_squats/user1/1-1-3,29_Do_squats,user1,1-1-3,1
29_Do_squats/user1/3-2-1,29_Do_squats,user1,3-2-1,1
29_Do_squats/user1/3-2-2,29_Do_squats,user1,3-2-2,1
29_Do_squats/user1/3-2-3,29_Do_squats,user1,3-2-3,1
29_Do_squats/user16/3-1-1,29_Do_squats,user16,3-1-1,1
29_Do_squats/user16/3-1-2,29_Do_squats,user16,3-1-2,1
29_Do_squats/user16/3-1-3,29_Do_squats,user16,3-1-3,1
29_Do_squats/user17/4-1-1,29_Do_squats,user17,4-1-1,2
29_Do_squats/user17/4-1-2,29_Do_squats,user17,4-1-2,2
29_Do_squats/user17/4-1-3,29_Do_squats,user17,4-1-3,2
29_Do_squats/user18/6-1-1,29_Do_squats,user18,6-1-1,3
29_Do_squats/user18/6-1-2,29_Do_squats,user18,6-1-2,3
29_Do_squats/user18/6-1-3,29_Do_squats,user18,6-1-3,3
29_Do_squats/user19/2-2-1,29_Do_squats,user19,2-2-1,0
29_Do_squats/user19/2-2-2,29_Do_squats,user19,2-2-2,0
29_Do_squats/user19/2-2-3,29_Do_squats,user19,2-2-3,0
29_Do_squats/user19/3-3-1,29_Do_squats,user19,3-3-1,0
29_Do_squats/user19/3-3-2,29_Do_squats,user19,3-3-2,0
29_Do_squats/user19/3-3-3,29_Do_squats,user19,3-3-3,0
29_Do_squats/user19/4-2-1,29_Do_squats,user19,4-2-1,0
29_Do_squats/user19/4-2-2,29_Do_squats,user19,4-2-2,0
29_Do_squats/user19/4-2-3,29_Do_squats,user19,4-2-3,0
29_Do_squats/user19/5-3-1,29_Do_squats,user19,5-3-1,0
29_Do_squats/user19/5-3-2,29_Do_squats,user19,5-3-2,0
29_Do_squats/user19/5-3-3,29_Do_squats,user19,5-3-3,0
29_Do_squats/user2/2-2-1,29_Do_squats,user2,2-2-1,2
29_Do_squats/user2/2-2-2,29_Do_squats,user2,2-2-2,2
29_Do_squats/user2/2-2-3,29_Do_squats,user2,2-2-3,2
29_Do_squats/user2/5-1-1,29_Do_squats,user2,5-1-1,2
29_Do_squats/user2/5-1-2,29_Do_squats,user2,5-1-2,2
29_Do_squats/user2/5-1-3,29_Do_squats,user2,5-1-3,2
29_Do_squats/user20/1-2-1,29_Do_squats,user20,1-2-1,0
29_Do_squats/user20/1-2-2,29_Do_squats,user20,1-2-2,0
29_Do_squats/user20/1-2-3,29_Do_squats,user20,1-2-3,0
29_Do_squats/user20/6-1-1,29_Do_squats,user20,6-1-1,0
29_Do_squats/user20/6-1-2,29_Do_squats,user20,6-1-2,0
29_Do_squats/user20/6-1-3,29_Do_squats,user20,6-1-3,0
29_Do_squats/user21/3-2-1,29_Do_squats,user21,3-2-1,1
29_Do_squats/user21/3-2-2,29_Do_squats,user21,3-2-2,1
29_Do_squats/user21/3-2-3,29_Do_squats,user21,3-2-3,1
29_Do_squats/user22/6-2-1,29_Do_squats,user22,6-2-1,1
29_Do_squats/user22/6-2-2,29_Do_squats,user22,6-2-2,1
29_Do_squats/user22/6-2-3,29_Do_squats,user22,6-2-3,1
29_Do_squats/user23/1-2-1,29_Do_squats,user23,1-2-1,2
29_Do_squats/user23/1-2-2,29_Do_squats,user23,1-2-2,2
29_Do_squats/user23/1-2-3,29_Do_squats,user23,1-2-3,2
29_Do_squats/user23/6-1-1,29_Do_squats,user23,6-1-1,2
29_Do_squats/user23/6-1-2,29_Do_squats,user23,6-1-2,2
29_Do_squats/user23/6-1-3,29_Do_squats,user23,6-1-3,2
29_Do_squats/user23/6-3-1,29_Do_squats,user23,6-3-1,2
29_Do_squats/user23/6-3-2,29_Do_squats,user23,6-3-2,2
29_Do_squats/user23/6-3-3,29_Do_squats,user23,6-3-3,2
29_Do_squats/user24/6-3-1,29_Do_squats,user24,6-3-1,3
29_Do_squats/user24/6-3-2,29_Do_squats,user24,6-3-2,3
29_Do_squats/user24/6-3-3,29_Do_squats,user24,6-3-3,3
29_Do_squats/user3/2-1-1,29_Do_squats,user3,2-1-1,3
29_Do_squats/user3/2-1-2,29_Do_squats,user3,2-1-2,3
29_Do_squats/user3/2-1-3,29_Do_squats,user3,2-1-3,3
29_Do_squats/user6/3-1-1,29_Do_squats,user6,3-1-1,3
29_Do_squats/user6/3-1-2,29_Do_squats,user6,3-1-2,3
29_Do_squats/user6/3-1-3,29_Do_squats,user6,3-1-3,3
29_Do_squats/user7/4-1-1,29_Do_squats,user7,4-1-1,1
29_Do_squats/user7/4-1-2,29_Do_squats,user7,4-1-2,1
29_Do_squats/user7/4-1-3,29_Do_squats,user7,4-1-3,1
29_Do_squats/user9/2-2-1,29_Do_squats,user9,2-2-1,0
29_Do_squats/user9/2-2-2,29_Do_squats,user9,2-2-2,0
29_Do_squats/user9/2-2-3,29_Do_squats,user9,2-2-3,0
29_Do_squats/user9/3-3-1,29_Do_squats,user9,3-3-1,0
29_Do_squats/user9/3-3-2,29_Do_squats,user9,3-3-2,0
29_Do_squats/user9/3-3-3,29_Do_squats,user9,3-3-3,0
29_Do_squats/user9/4-2-2,29_Do_squats,user9,4-2-2,0
29_Do_squats/user9/4-2-3,29_Do_squats,user9,4-2-3,0
29_Do_squats/user9/5-3-1,29_Do_squats,user9,5-3-1,0
29_Do_squats/user9/5-3-2,29_Do_squats,user9,5-3-2,0
29_Do_squats/user9/5-3-3,29_Do_squats,user9,5-3-3,0
2_Comb_hair/user1/1-1-1,2_Comb_hair,user1,1-1-1,1
2_Comb_hair/user1/1-1-2,2_Comb_hair,user1,1-1-2,1
2_Comb_hair/user1/1-1-3,2_Comb_hair,user1,1-1-3,1
2_Comb_hair/user16/2-2-1,2_Comb_hair,user16,2-2-1,1
2_Comb_hair/user16/2-2-2,2_Comb_hair,user16,2-2-2,1
2_Comb_hair/user16/2-2-3,2_Comb_hair,user16,2-2-3,1
2_Comb_hair/user17/1-1-1,2_Comb_hair,user17,1-1-1,2
2_Comb_hair/user17/1-1-2,2_Comb_hair,user17,1-1-2,2
2_Comb_hair/user17/1-1-3,2_Comb_hair,user17,1-1-3,2
2_Comb_hair/user18/7-1-1,2_Comb_hair,user18,7-1-1,3
2_Comb_hair/user18/7-1-2,2_Comb_hair,user18,7-1-2,3
2_Comb_hair/user18/7-1-3,2_Comb_hair,user18,7-1-3,3
2_Comb_hair/user19/1-1-1,2_Comb_hair,user19,1-1-1,0
2_Comb_hair/user19/1-1-2,2_Comb_hair,user19,1-1-2,0
2_Comb_hair/user19/1-1-3,2_Comb_hair,user19,1-1-3,0
2_Comb_hair/user20/1-1-1,2_Comb_hair,user20,1-1-1,0
2_Comb_hair/user20/1-1-2,2_Comb_hair,user20,1-1-2,0
2_Comb_hair/user20/1-1-3,2_Comb_hair,user20,1-1-3,0
2_Comb_hair/user20/4-2-1,2_Comb_hair,user20,4-2-1,0
2_Comb_hair/user20/4-2-2,2_Comb_hair,user20,4-2-2,0
2_Comb_hair/user20/4-2-3,2_Comb_hair,user20,4-2-3,0
2_Comb_hair/user21/4-2-1,2_Comb_hair,user21,4-2-1,1
2_Comb_hair/user21/4-2-2,2_Comb_hair,user21,4-2-2,1
2_Comb_hair/user21/4-2-3,2_Comb_hair,user21,4-2-3,1
2_Comb_hair/user22/1-2-1,2_Comb_hair,user22,1-2-1,1
2_Comb_hair/user22/1-2-2,2_Comb_hair,user22,1-2-2,1
2_Comb_hair/user22/1-2-3,2_Comb_hair,user22,1-2-3,1
2_Comb_hair/user22/2-2-1,2_Comb_hair,user22,2-2-1,1
2_Comb_hair/user22/2-2-2,2_Comb_hair,user22,2-2-2,1
2_Comb_hair/user22/2-2-3,2_Comb_hair,user22,2-2-3,1
2_Comb_hair/user23/2-2-1,2_Comb_hair,user23,2-2-1,2
2_Comb_hair/user23/2-2-2,2_Comb_hair,user23,2-2-2,2
2_Comb_hair/user23/2-2-3,2_Comb_hair,user23,2-2-3,2
2_Comb_hair/user24/7-1-1,2_Comb_hair,user24,7-1-1,3
2_Comb_hair/user24/7-1-2,2_Comb_hair,user24,7-1-2,3
2_Comb_hair/user24/7-1-3,2_Comb_hair,user24,7-1-3,3
2_Comb_hair/user3/1-2-1,2_Comb_hair,user3,1-2-1,3
2_Comb_hair/user3/1-2-3,2_Comb_hair,user3,1-2-3,3
2_Comb_hair/user5/1-1-1,2_Comb_hair,user5,1-1-1,0
2_Comb_hair/user5/1-1-2,2_Comb_hair,user5,1-1-2,0
2_Comb_hair/user5/1-1-3,2_Comb_hair,user5,1-1-3,0
2_Comb_hair/user5/7-1-1,2_Comb_hair,user5,7-1-1,0
2_Comb_hair/user5/7-1-2,2_Comb_hair,user5,7-1-2,0
2_Comb_hair/user5/7-1-3,2_Comb_hair,user5,7-1-3,0
2_Comb_hair/user6/2-2-1,2_Comb_hair,user6,2-2-1,3
2_Comb_hair/user6/2-2-2,2_Comb_hair,user6,2-2-2,3
2_Comb_hair/user7/1-1-1,2_Comb_hair,user7,1-1-1,1
2_Comb_hair/user7/1-1-2,2_Comb_hair,user7,1-1-2,1
2_Comb_hair/user7/1-1-3,2_Comb_hair,user7,1-1-3,1
2_Comb_hair/user8/7-1-2,2_Comb_hair,user8,7-1-2,2
2_Comb_hair/user8/7-1-3,2_Comb_hair,user8,7-1-3,2
2_Comb_hair/user9/1-1-1,2_Comb_hair,user9,1-1-1,0
2_Comb_hair/user9/1-1-2,2_Comb_hair,user9,1-1-2,0
2_Comb_hair/user9/1-1-3,2_Comb_hair,user9,1-1-3,0
30_Do_jumping_jacks/user1/1-1-1,30_Do_jumping_jacks,user1,1-1-1,1
30_Do_jumping_jacks/user1/1-1-2,30_Do_jumping_jacks,user1,1-1-2,1
30_Do_jumping_jacks/user1/1-1-3,30_Do_jumping_jacks,user1,1-1-3,1
30_Do_jumping_jacks/user16/6-1-1,30_Do_jumping_jacks,user16,6-1-1,1
30_Do_jumping_jacks/user16/6-1-2,30_Do_jumping_jacks,user16,6-1-2,1
30_Do_jumping_jacks/user16/6-1-3,30_Do_jumping_jacks,user16,6-1-3,1
30_Do_jumping_jacks/user17/2-2-1,30_Do_jumping_jacks,user17,2-2-1,2
30_Do_jumping_jacks/user17/2-2-2,30_Do_jumping_jacks,user17,2-2-2,2
30_Do_jumping_jacks/user17/2-2-3,30_Do_jumping_jacks,user17,2-2-3,2
30_Do_jumping_jacks/user18/6-2-1,30_Do_jumping_jacks,user18,6-2-1,3
30_Do_jumping_jacks/user18/6-2-2,30_Do_jumping_jacks,user18,6-2-2,3
30_Do_jumping_jacks/user18/6-2-3,30_Do_jumping_jacks,user18,6-2-3,3
30_Do_jumping_jacks/user19/2-2-1,30_Do_jumping_jacks,user19,2-2-1,0
30_Do_jumping_jacks/user19/2-2-2,30_Do_jumping_jacks,user19,2-2-2,0
30_Do_jumping_jacks/user19/2-2-3,30_Do_jumping_jacks,user19,2-2-3,0
30_Do_jumping_jacks/user2/5-1-1,30_Do_jumping_jacks,user2,5-1-1,2
30_Do_jumping_jacks/user2/5-1-2,30_Do_jumping_jacks,user2,5-1-2,2
30_Do_jumping_jacks/user2/5-1-3,30_Do_jumping_jacks,user2,5-1-3,2
30_Do_jumping_jacks/user2/6-1-1,30_Do_jumping_jacks,user2,6-1-1,2
30_Do_jumping_jacks/user2/6-1-2,30_Do_jumping_jacks,user2,6-1-2,2
30_Do_jumping_jacks/user20/6-1-1,30_Do_jumping_jacks,user20,6-1-1,0
30_Do_jumping_jacks/user20/6-1-2,30_Do_jumping_jacks,user20,6-1-2,0
30_Do_jumping_jacks/user20/6-1-3,30_Do_jumping_jacks,user20,6-1-3,0
30_Do_jumping_jacks/user21/3-2-1,30_Do_jumping_jacks,user21,3-2-1,1
30_Do_jumping_jacks/user21/3-2-2,30_Do_jumping_jacks,user21,3-2-2,1
30_Do_jumping_jacks/user21/3-2-3,30_Do_jumping_jacks,user21,3-2-3,1
30_Do_jumping_jacks/user22/6-2-1,30_Do_jumping_jacks,user22,6-2-1,1
30_Do_jumping_jacks/user22/6-2-2,30_Do_jumping_jacks,user22,6-2-2,1
30_Do_jumping_jacks/user22/6-2-3,30_Do_jumping_jacks,user22,6-2-3,1
30_Do_jumping_jacks/user4/3-2-1,30_Do_jumping_jacks,user4,3-2-1,0
30_Do_jumping_jacks/user4/3-2-2,30_Do_jumping_jacks,user4,3-2-2,0
30_Do_jumping_jacks/user4/3-2-3,30_Do_jumping_jacks,user4,3-2-3,0
30_Do_jumping_jacks/user6/6-1-1,30_Do_jumping_jacks,user6,6-1-1,3
30_Do_jumping_jacks/user6/6-1-2,30_Do_jumping_jacks,user6,6-1-2,3
30_Do_jumping_jacks/user6/6-1-3,30_Do_jumping_jacks,user6,6-1-3,3
30_Do_jumping_jacks/user7/2-2-1,30_Do_jumping_jacks,user7,2-2-1,1
30_Do_jumping_jacks/user7/2-2-2,30_Do_jumping_jacks,user7,2-2-2,1
30_Do_jumping_jacks/user7/2-2-3,30_Do_jumping_jacks,user7,2-2-3,1
30_Do_jumping_jacks/user8/6-2-1,30_Do_jumping_jacks,user8,6-2-1,2
30_Do_jumping_jacks/user8/6-2-2,30_Do_jumping_jacks,user8,6-2-2,2
30_Do_jumping_jacks/user8/6-2-3,30_Do_jumping_jacks,user8,6-2-3,2
30_Do_jumping_jacks/user9/2-2-1,30_Do_jumping_jacks,user9,2-2-1,0
30_Do_jumping_jacks/user9/2-2-2,30_Do_jumping_jacks,user9,2-2-2,0
30_Do_jumping_jacks/user9/2-2-3,30_Do_jumping_jacks,user9,2-2-3,0
31_Do_stretching_exercises/user1/7-1-1,31_Do_stretching_exercises,user1,7-1-1,1
31_Do_stretching_exercises/user1/7-1-2,31_Do_stretching_exercises,user1,7-1-2,1
31_Do_stretching_exercises/user1/7-1-3,31_Do_stretching_exercises,user1,7-1-3,1
31_Do_stretching_exercises/user17/3-1-1,31_Do_stretching_exercises,user17,3-1-1,2
31_Do_stretching_exercises/user17/3-1-2,31_Do_stretching_exercises,user17,3-1-2,2
31_Do_stretching_exercises/user17/3-1-3,31_Do_stretching_exercises,user17,3-1-3,2
31_Do_stretching_exercises/user17/4-1-1,31_Do_stretching_exercises,user17,4-1-1,2
31_Do_stretching_exercises/user17/4-1-2,31_Do_stretching_exercises,user17,4-1-2,2
31_Do_stretching_exercises/user17/4-1-3,31_Do_stretching_exercises,user17,4-1-3,2
31_Do_stretching_exercises/user18/5-1-1,31_Do_stretching_exercises,user18,5-1-1,3
31_Do_stretching_exercises/user18/5-1-2,31_Do_stretching_exercises,user18,5-1-2,3
31_Do_stretching_exercises/user18/5-1-3,31_Do_stretching_exercises,user18,5-1-3,3
31_Do_stretching_exercises/user18/6-1-1,31_Do_stretching_exercises,user18,6-1-1,3
31_Do_stretching_exercises/user18/6-1-2,31_Do_stretching_exercises,user18,6-1-2,3
31_Do_stretching_exercises/user18/6-1-3,31_Do_stretching_exercises,user18,6-1-3,3
31_Do_stretching_exercises/user18/6-2-1,31_Do_stretching_exercises,user18,6-2-1,3
31_Do_stretching_exercises/user18/6-2-2,31_Do_stretching_exercises,user18,6-2-2,3
31_Do_stretching_exercises/user18/6-2-3,31_Do_stretching_exercises,user18,6-2-3,3
31_Do_stretching_exercises/user19/1-1-1,31_Do_stretching_exercises,user19,1-1-1,0
31_Do_stretching_exercises/user19/1-1-2,31_Do_stretching_exercises,user19,1-1-2,0
31_Do_stretching_exercises/user19/1-1-3,31_Do_stretching_exercises,user19,1-1-3,0
31_Do_stretching_exercises/user19/4-2-1,31_Do_stretching_exercises,user19,4-2-1,0
31_Do_stretching_exercises/user19/4-2-2,31_Do_stretching_exercises,user19,4-2-2,0
31_Do_stretching_exercises/user19/4-2-3,31_Do_stretching_exercises,user19,4-2-3,0
31_Do_stretching_exercises/user2/1-2-1,31_Do_stretching_exercises,user2,1-2-1,2
31_Do_stretching_exercises/user2/1-2-2,31_Do_stretching_exercises,user2,1-2-2,2
31_Do_stretching_exercises/user2/1-2-3,31_Do_stretching_exercises,user2,1-2-3,2
31_Do_stretching_exercises/user2/2-2-1,31_Do_stretching_exercises,user2,2-2-1,2
31_Do_stretching_exercises/user2/2-2-2,31_Do_stretching_exercises,user2,2-2-2,2
31_Do_stretching_exercises/user2/2-2-3,31_Do_stretching_exercises,user2,2-2-3,2
31_Do_stretching_exercises/user2/6-1-1,31_Do_stretching_exercises,user2,6-1-1,2
31_Do_stretching_exercises/user2/6-1-2,31_Do_stretching_exercises,user2,6-1-2,2
31_Do_stretching_exercises/user2/7-3-1,31_Do_stretching_exercises,user2,7-3-1,2
31_Do_stretching_exercises/user2/7-3-2,31_Do_stretching_exercises,user2,7-3-2,2
31_Do_stretching_exercises/user2/7-3-3,31_Do_stretching_exercises,user2,7-3-3,2
31_Do_stretching_exercises/user20/1-2-1,31_Do_stretching_exercises,user20,1-2-1,0
31_Do_stretching_exercises/user20/1-2-2,31_Do_stretching_exercises,user20,1-2-2,0
31_Do_stretching_exercises/user20/1-2-3,31_Do_stretching_exercises,user20,1-2-3,0
31_Do_stretching_exercises/user22/3-2-1,31_Do_stretching_exercises,user22,3-2-1,1
31_Do_stretching_exercises/user22/3-2-2,31_Do_stretching_exercises,user22,3-2-2,1
31_Do_stretching_exercises/user22/3-2-3,31_Do_stretching_exercises,user22,3-2-3,1
31_Do_stretching_exercises/user22/6-2-1,31_Do_stretching_exercises,user22,6-2-1,1
31_Do_stretching_exercises/user22/6-2-2,31_Do_stretching_exercises,user22,6-2-2,1
31_Do_stretching_exercises/user22/6-2-3,31_Do_stretching_exercises,user22,6-2-3,1
31_Do_stretching_exercises/user22/7-3-1,31_Do_stretching_exercises,user22,7-3-1,1
31_Do_stretching_exercises/user22/7-3-2,31_Do_stretching_exercises,user22,7-3-2,1
31_Do_stretching_exercises/user22/7-3-3,31_Do_stretching_exercises,user22,7-3-3,1
31_Do_stretching_exercises/user23/6-1-1,31_Do_stretching_exercises,user23,6-1-1,2
31_Do_stretching_exercises/user23/6-1-2,31_Do_stretching_exercises,user23,6-1-2,2
31_Do_stretching_exercises/user23/6-1-3,31_Do_stretching_exercises,user23,6-1-3,2
31_Do_stretching_exercises/user23/7-3-1,31_Do_stretching_exercises,user23,7-3-1,2
31_Do_stretching_exercises/user23/7-3-2,31_Do_stretching_exercises,user23,7-3-2,2
31_Do_stretching_exercises/user23/7-3-3,31_Do_stretching_exercises,user23,7-3-3,2
31_Do_stretching_exercises/user24/3-2-1,31_Do_stretching_exercises,user24,3-2-1,3
31_Do_stretching_exercises/user24/3-2-2,31_Do_stretching_exercises,user24,3-2-2,3
31_Do_stretching_exercises/user24/3-2-3,31_Do_stretching_exercises,user24,3-2-3,3
31_Do_stretching_exercises/user3/2-1-1,31_Do_stretching_exercises,user3,2-1-1,3
31_Do_stretching_exercises/user3/2-1-2,31_Do_stretching_exercises,user3,2-1-2,3
31_Do_stretching_exercises/user3/2-1-3,31_Do_stretching_exercises,user3,2-1-3,3
31_Do_stretching_exercises/user3/7-1-1,31_Do_stretching_exercises,user3,7-1-1,3
31_Do_stretching_exercises/user3/7-1-2,31_Do_stretching_exercises,user3,7-1-2,3
31_Do_stretching_exercises/user3/7-1-3,31_Do_stretching_exercises,user3,7-1-3,3
31_Do_stretching_exercises/user4/3-2-1,31_Do_stretching_exercises,user4,3-2-1,0
31_Do_stretching_exercises/user4/3-2-2,31_Do_stretching_exercises,user4,3-2-2,0
31_Do_stretching_exercises/user4/3-2-3,31_Do_stretching_exercises,user4,3-2-3,0
31_Do_stretching_exercises/user7/2-2-1,31_Do_stretching_exercises,user7,2-2-1,1
31_Do_stretching_exercises/user7/2-2-2,31_Do_stretching_exercises,user7,2-2-2,1
31_Do_stretching_exercises/user7/2-2-3,31_Do_stretching_exercises,user7,2-2-3,1
31_Do_stretching_exercises/user7/4-1-1,31_Do_stretching_exercises,user7,4-1-1,1
31_Do_stretching_exercises/user7/4-1-2,31_Do_stretching_exercises,user7,4-1-2,1
31_Do_stretching_exercises/user7/4-1-3,31_Do_stretching_exercises,user7,4-1-3,1
31_Do_stretching_exercises/user8/5-1-1,31_Do_stretching_exercises,user8,5-1-1,2
31_Do_stretching_exercises/user8/5-1-2,31_Do_stretching_exercises,user8,5-1-2,2
31_Do_stretching_exercises/user8/5-1-3,31_Do_stretching_exercises,user8,5-1-3,2
31_Do_stretching_exercises/user8/6-1-1,31_Do_stretching_exercises,user8,6-1-1,2
31_Do_stretching_exercises/user8/6-1-2,31_Do_stretching_exercises,user8,6-1-2,2
31_Do_stretching_exercises/user8/6-1-3,31_Do_stretching_exercises,user8,6-1-3,2
31_Do_stretching_exercises/user8/6-2-1,31_Do_stretching_exercises,user8,6-2-1,2
31_Do_stretching_exercises/user8/6-2-2,31_Do_stretching_exercises,user8,6-2-2,2
31_Do_stretching_exercises/user8/6-2-3,31_Do_stretching_exercises,user8,6-2-3,2
31_Do_stretching_exercises/user9/1-1-1,31_Do_stretching_exercises,user9,1-1-1,0
31_Do_stretching_exercises/user9/1-1-2,31_Do_stretching_exercises,user9,1-1-2,0
31_Do_stretching_exercises/user9/1-1-3,31_Do_stretching_exercises,user9,1-1-3,0
31_Do_stretching_exercises/user9/4-2-2,31_Do_stretching_exercises,user9,4-2-2,0
31_Do_stretching_exercises/user9/4-2-3,31_Do_stretching_exercises,user9,4-2-3,0
32_Stand_up/user1/2-2-1,32_Stand_up,user1,2-2-1,1
32_Stand_up/user1/2-2-2,32_Stand_up,user1,2-2-2,1
32_Stand_up/user1/2-2-3,32_Stand_up,user1,2-2-3,1
32_Stand_up/user1/3-2-1,32_Stand_up,user1,3-2-1,1
32_Stand_up/user1/3-2-2,32_Stand_up,user1,3-2-2,1
32_Stand_up/user1/3-2-3,32_Stand_up,user1,3-2-3,1
32_Stand_up/user1/6-2-1,32_Stand_up,user1,6-2-1,1
32_Stand_up/user1/6-2-2,32_Stand_up,user1,6-2-2,1
32_Stand_up/user1/6-2-3,32_Stand_up,user1,6-2-3,1
32_Stand_up/user16/3-1-1,32_Stand_up,user16,3-1-1,1
32_Stand_up/user16/3-1-2,32_Stand_up,user16,3-1-2,1
32_Stand_up/user16/3-1-3,32_Stand_up,user16,3-1-3,1
32_Stand_up/user16/4-1-1,32_Stand_up,user16,4-1-1,1
32_Stand_up/user16/4-1-2,32_Stand_up,user16,4-1-2,1
32_Stand_up/user16/4-1-3,32_Stand_up,user16,4-1-3,1
32_Stand_up/user17/4-1-1,32_Stand_up,user17,4-1-1,2
32_Stand_up/user17/4-1-2,32_Stand_up,user17,4-1-2,2
32_Stand_up/user17/4-1-3,32_Stand_up,user17,4-1-3,2
32_Stand_up/user18/5-1-1,32_Stand_up,user18,5-1-1,3
32_Stand_up/user18/5-1-2,32_Stand_up,user18,5-1-2,3
32_Stand_up/user18/6-2-1,32_Stand_up,user18,6-2-1,3
32_Stand_up/user18/6-2-2,32_Stand_up,user18,6-2-2,3
32_Stand_up/user18/6-2-3,32_Stand_up,user18,6-2-3,3
32_Stand_up/user19/5-1-1,32_Stand_up,user19,5-1-1,0
32_Stand_up/user19/5-1-2,32_Stand_up,user19,5-1-2,0
32_Stand_up/user19/5-1-3,32_Stand_up,user19,5-1-3,0
32_Stand_up/user2/4-1-1,32_Stand_up,user2,4-1-1,2
32_Stand_up/user2/4-1-2,32_Stand_up,user2,4-1-2,2
32_Stand_up/user2/4-1-3,32_Stand_up,user2,4-1-3,2
32_Stand_up/user2/4-3-3,32_Stand_up,user2,4-3-3,2
32_Stand_up/user2/7-3-1,32_Stand_up,user2,7-3-1,2
32_Stand_up/user2/7-3-2,32_Stand_up,user2,7-3-2,2
32_Stand_up/user2/7-3-3,32_Stand_up,user2,7-3-3,2
32_Stand_up/user20/6-3-1,32_Stand_up,user20,6-3-1,0
32_Stand_up/user20/6-3-2,32_Stand_up,user20,6-3-2,0
32_Stand_up/user20/6-3-3,32_Stand_up,user20,6-3-3,0
32_Stand_up/user21/2-2-1,32_Stand_up,user21,2-2-1,1
32_Stand_up/user21/2-2-2,32_Stand_up,user21,2-2-2,1
32_Stand_up/user21/2-2-3,32_Stand_up,user21,2-2-3,1
32_Stand_up/user21/4-1-1,32_Stand_up,user21,4-1-1,1
32_Stand_up/user21/4-1-2,32_Stand_up,user21,4-1-2,1
32_Stand_up/user21/4-1-3,32_Stand_up,user21,4-1-3,1
32_Stand_up/user22/7-2-1,32_Stand_up,user22,7-2-1,1
32_Stand_up/user22/7-2-2,32_Stand_up,user22,7-2-2,1
32_Stand_up/user22/7-3-1,32_Stand_up,user22,7-3-1,1
32_Stand_up/user22/7-3-2,32_Stand_up,user22,7-3-2,1
32_Stand_up/user23/7-1-1,32_Stand_up,user23,7-1-1,2
32_Stand_up/user23/7-1-2,32_Stand_up,user23,7-1-2,2
32_Stand_up/user23/7-1-3,32_Stand_up,user23,7-1-3,2
32_Stand_up/user23/7-3-1,32_Stand_up,user23,7-3-1,2
32_Stand_up/user23/7-3-2,32_Stand_up,user23,7-3-2,2
32_Stand_up/user23/7-3-3,32_Stand_up,user23,7-3-3,2
32_Stand_up/user24/5-1-1,32_Stand_up,user24,5-1-1,3
32_Stand_up/user24/5-1-2,32_Stand_up,user24,5-1-2,3
32_Stand_up/user24/5-1-3,32_Stand_up,user24,5-1-3,3
32_Stand_up/user24/6-3-1,32_Stand_up,user24,6-3-1,3
32_Stand_up/user24/6-3-2,32_Stand_up,user24,6-3-2,3
32_Stand_up/user24/6-3-3,32_Stand_up,user24,6-3-3,3
32_Stand_up/user3/2-1-1,32_Stand_up,user3,2-1-1,3
32_Stand_up/user3/2-1-2,32_Stand_up,user3,2-1-2,3
32_Stand_up/user3/2-1-3,32_Stand_up,user3,2-1-3,3
32_Stand_up/user3/7-1-1,32_Stand_up,user3,7-1-1,3
32_Stand_up/user3/7-1-2,32_Stand_up,user3,7-1-2,3
32_Stand_up/user3/7-1-3,32_Stand_up,user3,7-1-3,3
32_Stand_up/user4/2-1-1,32_Stand_up,user4,2-1-1,0
32_Stand_up/user4/2-1-2,32_Stand_up,user4,2-1-2,0
32_Stand_up/user4/2-1-3,32_Stand_up,user4,2-1-3,0
32_Stand_up/user4/3-2-1,32_Stand_up,user4,3-2-1,0
32_Stand_up/user4/3-2-2,32_Stand_up,user4,3-2-2,0
32_Stand_up/user4/3-2-3,32_Stand_up,user4,3-2-3,0
32_Stand_up/user4/7-2-1,32_Stand_up,user4,7-2-1,0
32_Stand_up/user4/7-2-2,32_Stand_up,user4,7-2-2,0
32_Stand_up/user4/7-2-3,32_Stand_up,user4,7-2-3,0
32_Stand_up/user6/4-1-1,32_Stand_up,user6,4-1-1,3
32_Stand_up/user6/4-1-2,32_Stand_up,user6,4-1-2,3
32_Stand_up/user6/4-1-3,32_Stand_up,user6,4-1-3,3
32_Stand_up/user7/4-1-1,32_Stand_up,user7,4-1-1,1
32_Stand_up/user7/4-1-2,32_Stand_up,user7,4-1-2,1
32_Stand_up/user7/4-1-3,32_Stand_up,user7,4-1-3,1
32_Stand_up/user8/5-1-1,32_Stand_up,user8,5-1-1,2
32_Stand_up/user8/5-1-2,32_Stand_up,user8,5-1-2,2
32_Stand_up/user9/5-1-1,32_Stand_up,user9,5-1-1,0
32_Stand_up/user9/5-1-2,32_Stand_up,user9,5-1-2,0
32_Stand_up/user9/5-1-3,32_Stand_up,user9,5-1-3,0
33_Lie_down/user16/5-3-1,33_Lie_down,user16,5-3-1,1
33_Lie_down/user16/5-3-2,33_Lie_down,user16,5-3-2,1
33_Lie_down/user16/5-3-3,33_Lie_down,user16,5-3-3,1
33_Lie_down/user16/6-1-1,33_Lie_down,user16,6-1-1,1
33_Lie_down/user16/6-1-2,33_Lie_down,user16,6-1-2,1
33_Lie_down/user16/6-1-3,33_Lie_down,user16,6-1-3,1
33_Lie_down/user17/2-2-1,33_Lie_down,user17,2-2-1,2
33_Lie_down/user17/2-2-2,33_Lie_down,user17,2-2-2,2
33_Lie_down/user17/2-2-3,33_Lie_down,user17,2-2-3,2
33_Lie_down/user19/3-3-1,33_Lie_down,user19,3-3-1,0
33_Lie_down/user19/3-3-2,33_Lie_down,user19,3-3-2,0
33_Lie_down/user19/3-3-3,33_Lie_down,user19,3-3-3,0
33_Lie_down/user24/2-2-1,33_Lie_down,user24,2-2-1,3
33_Lie_down/user24/2-2-2,33_Lie_down,user24,2-2-2,3
33_Lie_down/user24/2-2-3,33_Lie_down,user24,2-2-3,3
33_Lie_down/user3/2-1-1,33_Lie_down,user3,2-1-1,3
33_Lie_down/user3/2-1-2,33_Lie_down,user3,2-1-2,3
33_Lie_down/user3/2-1-3,33_Lie_down,user3,2-1-3,3
33_Lie_down/user6/5-3-1,33_Lie_down,user6,5-3-1,3
33_Lie_down/user6/5-3-2,33_Lie_down,user6,5-3-2,3
33_Lie_down/user6/5-3-3,33_Lie_down,user6,5-3-3,3
33_Lie_down/user6/6-1-1,33_Lie_down,user6,6-1-1,3
33_Lie_down/user6/6-1-2,33_Lie_down,user6,6-1-2,3
33_Lie_down/user6/6-1-3,33_Lie_down,user6,6-1-3,3
33_Lie_down/user7/2-2-1,33_Lie_down,user7,2-2-1,1
33_Lie_down/user7/2-2-2,33_Lie_down,user7,2-2-2,1
33_Lie_down/user7/2-2-3,33_Lie_down,user7,2-2-3,1
33_Lie_down/user9/3-3-1,33_Lie_down,user9,3-3-1,0
33_Lie_down/user9/3-3-2,33_Lie_down,user9,3-3-2,0
33_Lie_down/user9/3-3-3,33_Lie_down,user9,3-3-3,0
33_Lie_down/user9/6-2-1,33_Lie_down,user9,6-2-1,0
33_Lie_down/user9/6-2-2,33_Lie_down,user9,6-2-2,0
33_Lie_down/user9/6-2-3,33_Lie_down,user9,6-2-3,0
34_Sit_down/user1/2-2-1,34_Sit_down,user1,2-2-1,1
34_Sit_down/user1/2-2-2,34_Sit_down,user1,2-2-2,1
34_Sit_down/user1/2-2-3,34_Sit_down,user1,2-2-3,1
34_Sit_down/user1/3-2-1,34_Sit_down,user1,3-2-1,1
34_Sit_down/user1/3-2-2,34_Sit_down,user1,3-2-2,1
34_Sit_down/user1/3-2-3,34_Sit_down,user1,3-2-3,1
34_Sit_down/user1/6-2-1,34_Sit_down,user1,6-2-1,1
34_Sit_down/user1/6-2-2,34_Sit_down,user1,6-2-2,1
34_Sit_down/user1/6-2-3,34_Sit_down,user1,6-2-3,1
34_Sit_down/user1/7-1-1,34_Sit_down,user1,7-1-1,1
34_Sit_down/user1/7-1-2,34_Sit_down,user1,7-1-2,1
34_Sit_down/user1/7-1-3,34_Sit_down,user1,7-1-3,1
34_Sit_down/user16/4-1-1,34_Sit_down,user16,4-1-1,1
34_Sit_down/user16/4-1-2,34_Sit_down,user16,4-1-2,1
34_Sit_down/user16/4-1-3,34_Sit_down,user16,4-1-3,1
34_Sit_down/user16/7-1-1,34_Sit_down,user16,7-1-1,1
34_Sit_down/user16/7-1-2,34_Sit_down,user16,7-1-2,1
34_Sit_down/user16/7-1-3,34_Sit_down,user16,7-1-3,1
34_Sit_down/user16/7-3-1,34_Sit_down,user16,7-3-1,1
34_Sit_down/user16/7-3-2,34_Sit_down,user16,7-3-2,1
34_Sit_down/user16/7-3-3,34_Sit_down,user16,7-3-3,1
34_Sit_down/user17/1-2-1,34_Sit_down,user17,1-2-1,2
34_Sit_down/user17/1-2-2,34_Sit_down,user17,1-2-2,2
34_Sit_down/user17/1-2-3,34_Sit_down,user17,1-2-3,2
34_Sit_down/user17/2-2-1,34_Sit_down,user17,2-2-1,2
34_Sit_down/user17/2-2-2,34_Sit_down,user17,2-2-2,2
34_Sit_down/user17/2-2-3,34_Sit_down,user17,2-2-3,2
34_Sit_down/user17/4-1-1,34_Sit_down,user17,4-1-1,2
34_Sit_down/user17/4-1-2,34_Sit_down,user17,4-1-2,2
34_Sit_down/user17/4-1-3,34_Sit_down,user17,4-1-3,2
34_Sit_down/user17/7-1-1,34_Sit_down,user17,7-1-1,2
34_Sit_down/user17/7-1-2,34_Sit_down,user17,7-1-2,2
34_Sit_down/user17/7-1-3,34_Sit_down,user17,7-1-3,2
34_Sit_down/user18/4-1-2,34_Sit_down,user18,4-1-2,3
34_Sit_down/user18/4-1-3,34_Sit_down,user18,4-1-3,3
34_Sit_down/user18/5-1-3,34_Sit_down,user18,5-1-3,3
34_Sit_down/user19/1-2-1,34_Sit_down,user19,1-2-1,0
34_Sit_down/user19/1-2-2,34_Sit_down,user19,1-2-2,0
34_Sit_down/user19/1-2-3,34_Sit_down,user19,1-2-3,0
34_Sit_down/user19/5-3-1,34_Sit_down,user19,5-3-1,0
34_Sit_down/user19/5-3-2,34_Sit_down,user19,5-3-2,0
34_Sit_down/user19/5-3-3,34_Sit_down,user19,5-3-3,0
34_Sit_down/user19/6-1-1,34_Sit_down,user19,6-1-1,0
34_Sit_down/user19/6-1-2,34_Sit_down,user19,6-1-2,0
34_Sit_down/user19/6-1-3,34_Sit_down,user19,6-1-3,0
34_Sit_down/user2/4-3-1,34_Sit_down,user2,4-3-1,2
34_Sit_down/user2/4-3-2,34_Sit_down,user2,4-3-2,2
34_Sit_down/user2/4-3-3,34_Sit_down,user2,4-3-3,2
34_Sit_down/user2/6-1-1,34_Sit_down,user2,6-1-1,2
34_Sit_down/user2/6-1-2,34_Sit_down,user2,6-1-2,2
34_Sit_down/user2/7-1-1,34_Sit_down,user2,7-1-1,2
34_Sit_down/user2/7-1-2,34_Sit_down,user2,7-1-2,2
34_Sit_down/user2/7-1-3,34_Sit_down,user2,7-1-3,2
34_Sit_down/user2/7-3-1,34_Sit_down,user2,7-3-1,2
34_Sit_down/user2/7-3-2,34_Sit_down,user2,7-3-2,2
34_Sit_down/user2/7-3-3,34_Sit_down,user2,7-3-3,2
34_Sit_down/user22/1-2-2,34_Sit_down,user22,1-2-2,1
34_Sit_down/user22/1-2-3,34_Sit_down,user22,1-2-3,1
34_Sit_down/user22/4-3-1,34_Sit_down,user22,4-3-1,1
34_Sit_down/user22/4-3-2,34_Sit_down,user22,4-3-2,1
34_Sit_down/user22/4-3-3,34_Sit_down,user22,4-3-3,1
34_Sit_down/user22/5-2-1,34_Sit_down,user22,5-2-1,1
34_Sit_down/user22/5-2-2,34_Sit_down,user22,5-2-2,1
34_Sit_down/user22/5-2-3,34_Sit_down,user22,5-2-3,1
34_Sit_down/user22/6-2-1,34_Sit_down,user22,6-2-1,1
34_Sit_down/user22/6-2-2,34_Sit_down,user22,6-2-2,1
34_Sit_down/user22/6-2-3,34_Sit_down,user22,6-2-3,1
34_Sit_down/user22/7-1-1,34_Sit_down,user22,7-1-1,1
34_Sit_down/user22/7-1-2,34_Sit_down,user22,7-1-2,1
34_Sit_down/user22/7-1-3,34_Sit_down,user22,7-1-3,1
34_Sit_down/user23/3-2-2,34_Sit_down,user23,3-2-2,2
34_Sit_down/user23/7-3-1,34_Sit_down,user23,7-3-1,2
34_Sit_down/user23/7-3-2,34_Sit_down,user23,7-3-2,2
34_Sit_down/user23/7-3-3,34_Sit_down,user23,7-3-3,2
34_Sit_down/user24/4-1-1,34_Sit_down,user24,4-1-1,3
34_Sit_down/user24/4-1-2,34_Sit_down,user24,4-1-2,3
34_Sit_down/user24/4-1-3,34_Sit_down,user24,4-1-3,3
34_Sit_down/user24/5-1-1,34_Sit_down,user24,5-1-1,3
34_Sit_down/user24/5-1-2,34_Sit_down,user24,5-1-2,3
34_Sit_down/user24/5-1-3,34_Sit_down,user24,5-1-3,3
34_Sit_down/user24/5-3-1,34_Sit_down,user24,5-3-1,3
34_Sit_down/user24/5-3-2,34_Sit_down,user24,5-3-2,3
34_Sit_down/user24/5-3-3,34_Sit_down,user24,5-3-3,3
34_Sit_down/user24/7-2-1,34_Sit_down,user24,7-2-1,3
34_Sit_down/user24/7-2-2,34_Sit_down,user24,7-2-2,3
34_Sit_down/user24/7-2-3,34_Sit_down,user24,7-2-3,3
34_Sit_down/user3/3-2-1,34_Sit_down,user3,3-2-1,3
34_Sit_down/user3/3-2-2,34_Sit_down,user3,3-2-2,3
34_Sit_down/user3/3-2-3,34_Sit_down,user3,3-2-3,3
34_Sit_down/user3/5-2-1,34_Sit_down,user3,5-2-1,3
34_Sit_down/user3/5-2-2,34_Sit_down,user3,5-2-2,3
34_Sit_down/user3/5-2-3,34_Sit_down,user3,5-2-3,3
34_Sit_down/user3/6-2-2,34_Sit_down,user3,6-2-2,3
34_Sit_down/user4/7-2-1,34_Sit_down,user4,7-2-1,0
34_Sit_down/user4/7-2-2,34_Sit_down,user4,7-2-2,0
34_Sit_down/user4/7-2-3,34_Sit_down,user4,7-2-3,0
34_Sit_down/user5/3-1-1,34_Sit_down,user5,3-1-1,0
34_Sit_down/user5/3-1-2,34_Sit_down,user5,3-1-2,0
34_Sit_down/user5/3-1-3,34_Sit_down,user5,3-1-3,0
34_Sit_down/user5/7-1-1,34_Sit_down,user5,7-1-1,0
34_Sit_down/user5/7-1-2,34_Sit_down,user5,7-1-2,0
34_Sit_down/user5/7-1-3,34_Sit_down,user5,7-1-3,0
34_Sit_down/user6/4-1-1,34_Sit_down,user6,4-1-1,3
34_Sit_down/user6/4-1-2,34_Sit_down,user6,4-1-2,3
34_Sit_down/user6/4-1-3,34_Sit_down,user6,4-1-3,3
34_Sit_down/user6/5-1-2,34_Sit_down,user6,5-1-2,3
34_Sit_down/user6/5-3-1,34_Sit_down,user6,5-3-1,3
34_Sit_down/user6/5-3-2,34_Sit_down,user6,5-3-2,3
34_Sit_down/user6/5-3-3,34_Sit_down,user6,5-3-3,3
34_Sit_down/user6/7-1-1,34_Sit_down,user6,7-1-1,3
34_Sit_down/user6/7-1-2,34_Sit_down,user6,7-1-2,3
34_Sit_down/user6/7-1-3,34_Sit_down,user6,7-1-3,3
34_Sit_down/user6/7-3-1,34_Sit_down,user6,7-3-1,3
34_Sit_down/user6/7-3-2,34_Sit_down,user6,7-3-2,3
34_Sit_down/user6/7-3-3,34_Sit_down,user6,7-3-3,3
34_Sit_down/user7/1-2-1,34_Sit_down,user7,1-2-1,1
34_Sit_down/user7/1-2-2,34_Sit_down,user7,1-2-2,1
34_Sit_down/user7/1-2-3,34_Sit_down,user7,1-2-3,1
34_Sit_down/user7/2-2-1,34_Sit_down,user7,2-2-1,1
34_Sit_down/user7/2-2-2,34_Sit_down,user7,2-2-2,1
34_Sit_down/user7/2-2-3,34_Sit_down,user7,2-2-3,1
34_Sit_down/user7/4-1-1,34_Sit_down,user7,4-1-1,1
34_Sit_down/user7/4-1-2,34_Sit_down,user7,4-1-2,1
34_Sit_down/user7/4-1-3,34_Sit_down,user7,4-1-3,1
34_Sit_down/user7/5-3-1,34_Sit_down,user7,5-3-1,1
34_Sit_down/user7/5-3-2,34_Sit_down,user7,5-3-2,1
34_Sit_down/user7/5-3-3,34_Sit_down,user7,5-3-3,1
34_Sit_down/user7/6-3-1,34_Sit_down,user7,6-3-1,1
34_Sit_down/user7/6-3-3,34_Sit_down,user7,6-3-3,1
34_Sit_down/user7/7-1-1,34_Sit_down,user7,7-1-1,1
34_Sit_down/user7/7-1-2,34_Sit_down,user7,7-1-2,1
34_Sit_down/user7/7-1-3,34_Sit_down,user7,7-1-3,1
34_Sit_down/user8/4-1-1,34_Sit_down,user8,4-1-1,2
34_Sit_down/user8/4-1-2,34_Sit_down,user8,4-1-2,2
34_Sit_down/user8/4-1-3,34_Sit_down,user8,4-1-3,2
34_Sit_down/user8/5-1-1,34_Sit_down,user8,5-1-1,2
34_Sit_down/user8/5-1-2,34_Sit_down,user8,5-1-2,2
34_Sit_down/user8/5-1-3,34_Sit_down,user8,5-1-3,2
34_Sit_down/user9/1-2-1,34_Sit_down,user9,1-2-1,0
34_Sit_down/user9/1-2-2,34_Sit_down,user9,1-2-2,0
34_Sit_down/user9/1-2-3,34_Sit_down,user9,1-2-3,0
34_Sit_down/user9/5-3-1,34_Sit_down,user9,5-3-1,0
34_Sit_down/user9/5-3-2,34_Sit_down,user9,5-3-2,0
34_Sit_down/user9/5-3-3,34_Sit_down,user9,5-3-3,0
34_Sit_down/user9/6-1-1,34_Sit_down,user9,6-1-1,0
34_Sit_down/user9/6-1-2,34_Sit_down,user9,6-1-2,0
34_Sit_down/user9/6-1-3,34_Sit_down,user9,6-1-3,0
35_Do_lunges/user1/3-2-1,35_Do_lunges,user1,3-2-1,1
35_Do_lunges/user1/3-2-2,35_Do_lunges,user1,3-2-2,1
35_Do_lunges/user1/3-2-3,35_Do_lunges,user1,3-2-3,1
35_Do_lunges/user16/6-1-1,35_Do_lunges,user16,6-1-1,1
35_Do_lunges/user16/6-1-2,35_Do_lunges,user16,6-1-2,1
35_Do_lunges/user16/6-1-3,35_Do_lunges,user16,6-1-3,1
35_Do_lunges/user18/5-1-1,35_Do_lunges,user18,5-1-1,3
35_Do_lunges/user18/5-1-2,35_Do_lunges,user18,5-1-2,3
35_Do_lunges/user18/5-1-3,35_Do_lunges,user18,5-1-3,3
35_Do_lunges/user20/1-2-1,35_Do_lunges,user20,1-2-1,0
35_Do_lunges/user20/1-2-2,35_Do_lunges,user20,1-2-2,0
35_Do_lunges/user20/1-2-3,35_Do_lunges,user20,1-2-3,0
35_Do_lunges/user23/1-2-1,35_Do_lunges,user23,1-2-1,2
35_Do_lunges/user23/1-2-2,35_Do_lunges,user23,1-2-2,2
35_Do_lunges/user23/1-2-3,35_Do_lunges,user23,1-2-3,2
35_Do_lunges/user23/5-3-2,35_Do_lunges,user23,5-3-2,2
35_Do_lunges/user23/5-3-3,35_Do_lunges,user23,5-3-3,2
35_Do_lunges/user5/6-1-1,35_Do_lunges,user5,6-1-1,0
35_Do_lunges/user5/6-1-2,35_Do_lunges,user5,6-1-2,0
35_Do_lunges/user5/6-1-3,35_Do_lunges,user5,6-1-3,0
35_Do_lunges/user6/6-1-1,35_Do_lunges,user6,6-1-1,3
35_Do_lunges/user6/6-1-2,35_Do_lunges,user6,6-1-2,3
35_Do_lunges/user6/6-1-3,35_Do_lunges,user6,6-1-3,3
35_Do_lunges/user8/5-1-1,35_Do_lunges,user8,5-1-1,2
35_Do_lunges/user8/5-1-2,35_Do_lunges,user8,5-1-2,2
35_Do_lunges/user8/5-1-3,35_Do_lunges,user8,5-1-3,2
36_Walk/user1/1-2-1,36_Walk,user1,1-2-1,1
36_Walk/user1/1-2-2,36_Walk,user1,1-2-2,1
36_Walk/user1/2-1-1,36_Walk,user1,2-1-1,1
36_Walk/user1/2-1-2,36_Walk,user1,2-1-2,1
36_Walk/user1/2-1-3,36_Walk,user1,2-1-3,1
36_Walk/user1/2-2-1,36_Walk,user1,2-2-1,1
36_Walk/user1/2-2-2,36_Walk,user1,2-2-2,1
36_Walk/user1/2-2-3,36_Walk,user1,2-2-3,1
36_Walk/user1/3-2-1,36_Walk,user1,3-2-1,1
36_Walk/user1/3-2-2,36_Walk,user1,3-2-2,1
36_Walk/user1/3-2-3,36_Walk,user1,3-2-3,1
36_Walk/user1/6-1-1,36_Walk,user1,6-1-1,1
36_Walk/user1/6-1-2,36_Walk,user1,6-1-2,1
36_Walk/user1/6-1-3,36_Walk,user1,6-1-3,1
36_Walk/user1/6-2-1,36_Walk,user1,6-2-1,1
36_Walk/user1/6-2-2,36_Walk,user1,6-2-2,1
36_Walk/user1/6-2-3,36_Walk,user1,6-2-3,1
36_Walk/user16/1-1-1,36_Walk,user16,1-1-1,1
36_Walk/user16/1-1-2,36_Walk,user16,1-1-2,1
36_Walk/user16/1-1-3,36_Walk,user16,1-1-3,1
36_Walk/user16/2-3-1,36_Walk,user16,2-3-1,1
36_Walk/user16/2-3-2,36_Walk,user16,2-3-2,1
36_Walk/user16/2-3-3,36_Walk,user16,2-3-3,1
36_Walk/user16/3-1-1,36_Walk,user16,3-1-1,1
36_Walk/user16/3-1-2,36_Walk,user16,3-1-2,1
36_Walk/user16/3-1-3,36_Walk,user16,3-1-3,1
36_Walk/user16/3-3-1,36_Walk,user16,3-3-1,1
36_Walk/user16/3-3-2,36_Walk,user16,3-3-2,1
36_Walk/user16/3-3-3,36_Walk,user16,3-3-3,1
36_Walk/user16/5-2-1,36_Walk,user16,5-2-1,1
36_Walk/user16/5-2-2,36_Walk,user16,5-2-2,1
36_Walk/user16/5-2-3,36_Walk,user16,5-2-3,1
36_Walk/user16/5-3-1,36_Walk,user16,5-3-1,1
36_Walk/user16/5-3-2,36_Walk,user16,5-3-2,1
36_Walk/user16/5-3-3,36_Walk,user16,5-3-3,1
36_Walk/user16/7-3-1,36_Walk,user16,7-3-1,1
36_Walk/user16/7-3-2,36_Walk,user16,7-3-2,1
36_Walk/user16/7-3-3,36_Walk,user16,7-3-3,1
36_Walk/user17/1-2-1,36_Walk,user17,1-2-1,2
36_Walk/user17/1-2-2,36_Walk,user17,1-2-2,2
36_Walk/user17/1-2-3,36_Walk,user17,1-2-3,2
36_Walk/user17/3-2-1,36_Walk,user17,3-2-1,2
36_Walk/user17/3-2-2,36_Walk,user17,3-2-2,2
36_Walk/user17/3-2-3,36_Walk,user17,3-2-3,2
36_Walk/user17/3-3-1,36_Walk,user17,3-3-1,2
36_Walk/user17/3-3-2,36_Walk,user17,3-3-2,2
36_Walk/user17/3-3-3,36_Walk,user17,3-3-3,2
36_Walk/user17/4-1-1,36_Walk,user17,4-1-1,2
36_Walk/user17/4-1-2,36_Walk,user17,4-1-2,2
36_Walk/user17/4-1-3,36_Walk,user17,4-1-3,2
36_Walk/user17/5-2-1,36_Walk,user17,5-2-1,2
36_Walk/user17/5-2-2,36_Walk,user17,5-2-2,2
36_Walk/user17/5-2-3,36_Walk,user17,5-2-3,2
36_Walk/user17/6-1-1,36_Walk,user17,6-1-1,2
36_Walk/user17/6-1-2,36_Walk,user17,6-1-2,2
36_Walk/user17/6-1-3,36_Walk,user17,6-1-3,2
36_Walk/user18/1-2-1,36_Walk,user18,1-2-1,3
36_Walk/user18/1-2-2,36_Walk,user18,1-2-2,3
36_Walk/user18/1-2-3,36_Walk,user18,1-2-3,3
36_Walk/user18/2-2-1,36_Walk,user18,2-2-1,3
36_Walk/user18/2-2-2,36_Walk,user18,2-2-2,3
36_Walk/user18/2-2-3,36_Walk,user18,2-2-3,3
36_Walk/user18/3-3-1,36_Walk,user18,3-3-1,3
36_Walk/user18/3-3-2,36_Walk,user18,3-3-2,3
36_Walk/user18/3-3-3,36_Walk,user18,3-3-3,3
36_Walk/user18/4-2-1,36_Walk,user18,4-2-1,3
36_Walk/user18/4-2-2,36_Walk,user18,4-2-2,3
36_Walk/user18/4-2-3,36_Walk,user18,4-2-3,3
36_Walk/user18/6-2-1,36_Walk,user18,6-2-1,3
36_Walk/user18/6-2-2,36_Walk,user18,6-2-2,3
36_Walk/user18/6-2-3,36_Walk,user18,6-2-3,3
36_Walk/user19/1-2-1,36_Walk,user19,1-2-1,0
36_Walk/user19/1-2-2,36_Walk,user19,1-2-2,0
36_Walk/user19/1-2-3,36_Walk,user19,1-2-3,0
36_Walk/user19/2-2-1,36_Walk,user19,2-2-1,0
36_Walk/user19/2-2-2,36_Walk,user19,2-2-2,0
36_Walk/user19/2-2-3,36_Walk,user19,2-2-3,0
36_Walk/user19/2-3-1,36_Walk,user19,2-3-1,0
36_Walk/user19/2-3-2,36_Walk,user19,2-3-2,0
36_Walk/user19/2-3-3,36_Walk,user19,2-3-3,0
36_Walk/user19/3-2-1,36_Walk,user19,3-2-1,0
36_Walk/user19/3-2-2,36_Walk,user19,3-2-2,0
36_Walk/user19/3-2-3,36_Walk,user19,3-2-3,0
36_Walk/user19/3-3-1,36_Walk,user19,3-3-1,0
36_Walk/user19/3-3-2,36_Walk,user19,3-3-2,0
36_Walk/user19/4-2-1,36_Walk,user19,4-2-1,0
36_Walk/user19/4-2-2,36_Walk,user19,4-2-2,0
36_Walk/user19/4-2-3,36_Walk,user19,4-2-3,0
36_Walk/user19/4-3-1,36_Walk,user19,4-3-1,0
36_Walk/user19/4-3-2,36_Walk,user19,4-3-2,0
36_Walk/user19/4-3-3,36_Walk,user19,4-3-3,0
36_Walk/user19/5-3-1,36_Walk,user19,5-3-1,0
36_Walk/user19/5-3-2,36_Walk,user19,5-3-2,0
36_Walk/user19/5-3-3,36_Walk,user19,5-3-3,0
36_Walk/user19/7-2-1,36_Walk,user19,7-2-1,0
36_Walk/user19/7-2-2,36_Walk,user19,7-2-2,0
36_Walk/user19/7-2-3,36_Walk,user19,7-2-3,0
36_Walk/user2/1-2-1,36_Walk,user2,1-2-1,2
36_Walk/user2/1-2-2,36_Walk,user2,1-2-2,2
36_Walk/user2/1-2-3,36_Walk,user2,1-2-3,2
36_Walk/user2/2-1-1,36_Walk,user2,2-1-1,2
36_Walk/user2/2-1-2,36_Walk,user2,2-1-2,2
36_Walk/user2/2-1-3,36_Walk,user2,2-1-3,2
36_Walk/user2/3-2-2,36_Walk,user2,3-2-2,2
36_Walk/user2/3-2-3,36_Walk,user2,3-2-3,2
36_Walk/user2/4-1-1,36_Walk,user2,4-1-1,2
36_Walk/user2/4-1-2,36_Walk,user2,4-1-2,2
36_Walk/user2/4-1-3,36_Walk,user2,4-1-3,2
36_Walk/user2/4-3-1,36_Walk,user2,4-3-1,2
36_Walk/user2/4-3-2,36_Walk,user2,4-3-2,2
36_Walk/user2/4-3-3,36_Walk,user2,4-3-3,2
36_Walk/user2/5-2-1,36_Walk,user2,5-2-1,2
36_Walk/user2/5-2-2,36_Walk,user2,5-2-2,2
36_Walk/user2/5-2-3,36_Walk,user2,5-2-3,2
36_Walk/user2/6-1-1,36_Walk,user2,6-1-1,2
36_Walk/user2/6-1-2,36_Walk,user2,6-1-2,2
36_Walk/user2/7-2-1,36_Walk,user2,7-2-1,2
36_Walk/user2/7-2-2,36_Walk,user2,7-2-2,2
36_Walk/user2/7-2-3,36_Walk,user2,7-2-3,2
36_Walk/user2/7-3-1,36_Walk,user2,7-3-1,2
36_Walk/user2/7-3-2,36_Walk,user2,7-3-2,2
36_Walk/user2/7-3-3,36_Walk,user2,7-3-3,2
36_Walk/user20/2-2-1,36_Walk,user20,2-2-1,0
36_Walk/user20/2-2-2,36_Walk,user20,2-2-2,0
36_Walk/user20/2-2-3,36_Walk,user20,2-2-3,0
36_Walk/user20/4-2-1,36_Walk,user20,4-2-1,0
36_Walk/user20/4-2-2,36_Walk,user20,4-2-2,0
36_Walk/user20/4-2-3,36_Walk,user20,4-2-3,0
36_Walk/user20/7-2-1,36_Walk,user20,7-2-1,0
36_Walk/user20/7-2-2,36_Walk,user20,7-2-2,0
36_Walk/user20/7-2-3,36_Walk,user20,7-2-3,0
36_Walk/user21/1-1-1,36_Walk,user21,1-1-1,1
36_Walk/user21/1-1-2,36_Walk,user21,1-1-2,1
36_Walk/user21/1-1-3,36_Walk,user21,1-1-3,1
36_Walk/user21/1-2-1,36_Walk,user21,1-2-1,1
36_Walk/user21/1-2-2,36_Walk,user21,1-2-2,1
36_Walk/user21/1-2-3,36_Walk,user21,1-2-3,1
36_Walk/user21/2-2-1,36_Walk,user21,2-2-1,1
36_Walk/user21/2-2-2,36_Walk,user21,2-2-2,1
36_Walk/user21/2-2-3,36_Walk,user21,2-2-3,1
36_Walk/user21/3-2-1,36_Walk,user21,3-2-1,1
36_Walk/user21/3-2-2,36_Walk,user21,3-2-2,1
36_Walk/user21/3-2-3,36_Walk,user21,3-2-3,1
36_Walk/user21/4-1-1,36_Walk,user21,4-1-1,1
36_Walk/user21/4-1-2,36_Walk,user21,4-1-2,1
36_Walk/user21/4-1-3,36_Walk,user21,4-1-3,1
36_Walk/user21/5-1-1,36_Walk,user21,5-1-1,1
36_Walk/user21/5-1-2,36_Walk,user21,5-1-2,1
36_Walk/user21/5-1-3,36_Walk,user21,5-1-3,1
36_Walk/user21/5-2-1,36_Walk,user21,5-2-1,1
36_Walk/user21/5-2-2,36_Walk,user21,5-2-2,1
36_Walk/user21/5-2-3,36_Walk,user21,5-2-3,1
36_Walk/user21/6-2-1,36_Walk,user21,6-2-1,1
36_Walk/user21/6-2-2,36_Walk,user21,6-2-2,1
36_Walk/user21/6-2-3,36_Walk,user21,6-2-3,1
36_Walk/user22/1-2-1,36_Walk,user22,1-2-1,1
36_Walk/user22/1-2-2,36_Walk,user22,1-2-2,1
36_Walk/user22/1-2-3,36_Walk,user22,1-2-3,1
36_Walk/user22/2-1-1,36_Walk,user22,2-1-1,1
36_Walk/user22/2-1-2,36_Walk,user22,2-1-2,1
36_Walk/user22/2-1-3,36_Walk,user22,2-1-3,1
36_Walk/user22/2-2-1,36_Walk,user22,2-2-1,1
36_Walk/user22/2-2-2,36_Walk,user22,2-2-2,1
36_Walk/user22/2-2-3,36_Walk,user22,2-2-3,1
36_Walk/user22/3-1-1,36_Walk,user22,3-1-1,1
36_Walk/user22/3-1-2,36_Walk,user22,3-1-2,1
36_Walk/user22/3-2-1,36_Walk,user22,3-2-1,1
36_Walk/user22/3-2-2,36_Walk,user22,3-2-2,1
36_Walk/user22/3-2-3,36_Walk,user22,3-2-3,1
36_Walk/user22/4-2-1,36_Walk,user22,4-2-1,1
36_Walk/user22/4-2-2,36_Walk,user22,4-2-2,1
36_Walk/user22/4-2-3,36_Walk,user22,4-2-3,1
36_Walk/user22/5-2-1,36_Walk,user22,5-2-1,1
36_Walk/user22/5-2-2,36_Walk,user22,5-2-2,1
36_Walk/user22/5-2-3,36_Walk,user22,5-2-3,1
36_Walk/user22/6-2-1,36_Walk,user22,6-2-1,1
36_Walk/user22/6-2-2,36_Walk,user22,6-2-2,1
36_Walk/user23/2-2-1,36_Walk,user23,2-2-1,2
36_Walk/user23/2-2-2,36_Walk,user23,2-2-2,2
36_Walk/user23/2-2-3,36_Walk,user23,2-2-3,2
36_Walk/user23/2-3-1,36_Walk,user23,2-3-1,2
36_Walk/user23/2-3-2,36_Walk,user23,2-3-2,2
36_Walk/user23/2-3-3,36_Walk,user23,2-3-3,2
36_Walk/user23/3-2-1,36_Walk,user23,3-2-1,2
36_Walk/user23/3-2-2,36_Walk,user23,3-2-2,2
36_Walk/user23/3-2-3,36_Walk,user23,3-2-3,2
36_Walk/user23/4-2-1,36_Walk,user23,4-2-1,2
36_Walk/user23/4-2-2,36_Walk,user23,4-2-2,2
36_Walk/user23/4-2-3,36_Walk,user23,4-2-3,2
36_Walk/user23/5-3-1,36_Walk,user23,5-3-1,2
36_Walk/user23/5-3-3,36_Walk,user23,5-3-3,2
36_Walk/user23/7-3-1,36_Walk,user23,7-3-1,2
36_Walk/user23/7-3-2,36_Walk,user23,7-3-2,2
36_Walk/user23/7-3-3,36_Walk,user23,7-3-3,2
36_Walk/user24/1-2-1,36_Walk,user24,1-2-1,3
36_Walk/user24/1-2-2,36_Walk,user24,1-2-2,3
36_Walk/user24/1-2-3,36_Walk,user24,1-2-3,3
36_Walk/user24/3-2-1,36_Walk,user24,3-2-1,3
36_Walk/user24/3-2-2,36_Walk,user24,3-2-2,3
36_Walk/user24/3-2-3,36_Walk,user24,3-2-3,3
36_Walk/user24/4-2-1,36_Walk,user24,4-2-1,3
36_Walk/user24/4-2-2,36_Walk,user24,4-2-2,3
36_Walk/user24/4-2-3,36_Walk,user24,4-2-3,3
36_Walk/user24/5-1-1,36_Walk,user24,5-1-1,3
36_Walk/user24/5-1-2,36_Walk,user24,5-1-2,3
36_Walk/user24/5-1-3,36_Walk,user24,5-1-3,3
36_Walk/user24/5-3-1,36_Walk,user24,5-3-1,3
36_Walk/user24/5-3-2,36_Walk,user24,5-3-2,3
36_Walk/user24/5-3-3,36_Walk,user24,5-3-3,3
36_Walk/user24/6-2-1,36_Walk,user24,6-2-1,3
36_Walk/user24/6-2-2,36_Walk,user24,6-2-2,3
36_Walk/user24/6-2-3,36_Walk,user24,6-2-3,3
36_Walk/user24/7-2-1,36_Walk,user24,7-2-1,3
36_Walk/user24/7-2-2,36_Walk,user24,7-2-2,3
36_Walk/user24/7-2-3,36_Walk,user24,7-2-3,3
36_Walk/user3/1-2-1,36_Walk,user3,1-2-1,3
36_Walk/user3/1-2-2,36_Walk,user3,1-2-2,3
36_Walk/user3/1-2-3,36_Walk,user3,1-2-3,3
36_Walk/user3/2-2-1,36_Walk,user3,2-2-1,3
36_Walk/user3/2-2-2,36_Walk,user3,2-2-2,3
36_Walk/user3/2-2-3,36_Walk,user3,2-2-3,3
36_Walk/user3/3-2-1,36_Walk,user3,3-2-1,3
36_Walk/user3/3-2-2,36_Walk,user3,3-2-2,3
36_Walk/user3/3-2-3,36_Walk,user3,3-2-3,3
36_Walk/user3/5-2-1,36_Walk,user3,5-2-1,3
36_Walk/user3/5-2-2,36_Walk,user3,5-2-2,3
36_Walk/user3/5-2-3,36_Walk,user3,5-2-3,3
36_Walk/user3/6-1-1,36_Walk,user3,6-1-1,3
36_Walk/user3/6-1-2,36_Walk,user3,6-1-2,3
36_Walk/user3/6-1-3,36_Walk,user3,6-1-3,3
36_Walk/user3/6-2-1,36_Walk,user3,6-2-1,3
36_Walk/user3/6-2-2,36_Walk,user3,6-2-2,3
36_Walk/user3/6-2-3,36_Walk,user3,6-2-3,3
36_Walk/user3/7-1-1,36_Walk,user3,7-1-1,3
36_Walk/user3/7-1-2,36_Walk,user3,7-1-2,3
36_Walk/user3/7-1-3,36_Walk,user3,7-1-3,3
36_Walk/user4/1-2-1,36_Walk,user4,1-2-1,0
36_Walk/user4/1-2-2,36_Walk,user4,1-2-2,0
36_Walk/user4/1-2-3,36_Walk,user4,1-2-3,0
36_Walk/user4/2-2-1,36_Walk,user4,2-2-1,0
36_Walk/user4/2-2-2,36_Walk,user4,2-2-2,0
36_Walk/user4/2-2-3,36_Walk,user4,2-2-3,0
36_Walk/user4/4-2-1,36_Walk,user4,4-2-1,0
36_Walk/user4/4-2-2,36_Walk,user4,4-2-2,0
36_Walk/user4/4-2-3,36_Walk,user4,4-2-3,0
36_Walk/user4/5-2-1,36_Walk,user4,5-2-1,0
36_Walk/user4/5-2-2,36_Walk,user4,5-2-2,0
36_Walk/user4/5-2-3,36_Walk,user4,5-2-3,0
36_Walk/user4/7-1-1,36_Walk,user4,7-1-1,0
36_Walk/user4/7-1-2,36_Walk,user4,7-1-2,0
36_Walk/user4/7-1-3,36_Walk,user4,7-1-3,0
36_Walk/user6/1-1-1,36_Walk,user6,1-1-1,3
36_Walk/user6/1-1-2,36_Walk,user6,1-1-2,3
36_Walk/user6/1-1-3,36_Walk,user6,1-1-3,3
36_Walk/user6/2-3-1,36_Walk,user6,2-3-1,3
36_Walk/user6/2-3-2,36_Walk,user6,2-3-2,3
36_Walk/user6/2-3-3,36_Walk,user6,2-3-3,3
36_Walk/user6/3-1-1,36_Walk,user6,3-1-1,3
36_Walk/user6/3-1-2,36_Walk,user6,3-1-2,3
36_Walk/user6/3-1-3,36_Walk,user6,3-1-3,3
36_Walk/user6/3-3-1,36_Walk,user6,3-3-1,3
36_Walk/user6/3-3-2,36_Walk,user6,3-3-2,3
36_Walk/user6/3-3-3,36_Walk,user6,3-3-3,3
36_Walk/user6/5-2-1,36_Walk,user6,5-2-1,3
36_Walk/user6/5-2-2,36_Walk,user6,5-2-2,3
36_Walk/user6/5-2-3,36_Walk,user6,5-2-3,3
36_Walk/user6/5-3-1,36_Walk,user6,5-3-1,3
36_Walk/user6/5-3-2,36_Walk,user6,5-3-2,3
36_Walk/user6/5-3-3,36_Walk,user6,5-3-3,3
36_Walk/user6/7-3-1,36_Walk,user6,7-3-1,3
36_Walk/user6/7-3-2,36_Walk,user6,7-3-2,3
36_Walk/user6/7-3-3,36_Walk,user6,7-3-3,3
36_Walk/user7/1-2-1,36_Walk,user7,1-2-1,1
36_Walk/user7/1-2-2,36_Walk,user7,1-2-2,1
36_Walk/user7/1-2-3,36_Walk,user7,1-2-3,1
36_Walk/user7/3-2-1,36_Walk,user7,3-2-1,1
36_Walk/user7/3-2-2,36_Walk,user7,3-2-2,1
36_Walk/user7/3-2-3,36_Walk,user7,3-2-3,1
36_Walk/user7/3-3-1,36_Walk,user7,3-3-1,1
36_Walk/user7/3-3-3,36_Walk,user7,3-3-3,1
36_Walk/user7/4-1-1,36_Walk,user7,4-1-1,1
36_Walk/user7/4-1-2,36_Walk,user7,4-1-2,1
36_Walk/user7/4-1-3,36_Walk,user7,4-1-3,1
36_Walk/user7/5-2-1,36_Walk,user7,5-2-1,1
36_Walk/user7/5-2-2,36_Walk,user7,5-2-2,1
36_Walk/user7/5-2-3,36_Walk,user7,5-2-3,1
36_Walk/user7/5-3-1,36_Walk,user7,5-3-1,1
36_Walk/user7/5-3-2,36_Walk,user7,5-3-2,1
36_Walk/user7/5-3-3,36_Walk,user7,5-3-3,1
36_Walk/user7/6-1-1,36_Walk,user7,6-1-1,1
36_Walk/user7/6-1-2,36_Walk,user7,6-1-2,1
36_Walk/user7/6-1-3,36_Walk,user7,6-1-3,1
36_Walk/user7/6-3-1,36_Walk,user7,6-3-1,1
36_Walk/user7/6-3-3,36_Walk,user7,6-3-3,1
36_Walk/user8/1-2-1,36_Walk,user8,1-2-1,2
36_Walk/user8/1-2-2,36_Walk,user8,1-2-2,2
36_Walk/user8/1-2-3,36_Walk,user8,1-2-3,2
36_Walk/user8/2-2-1,36_Walk,user8,2-2-1,2
36_Walk/user8/2-2-2,36_Walk,user8,2-2-2,2
36_Walk/user8/2-2-3,36_Walk,user8,2-2-3,2
36_Walk/user8/3-3-1,36_Walk,user8,3-3-1,2
36_Walk/user8/3-3-2,36_Walk,user8,3-3-2,2
36_Walk/user8/3-3-3,36_Walk,user8,3-3-3,2
36_Walk/user8/4-2-1,36_Walk,user8,4-2-1,2
36_Walk/user8/4-2-2,36_Walk,user8,4-2-2,2
36_Walk/user8/4-2-3,36_Walk,user8,4-2-3,2
36_Walk/user8/6-2-1,36_Walk,user8,6-2-1,2
36_Walk/user8/6-2-2,36_Walk,user8,6-2-2,2
36_Walk/user9/1-2-1,36_Walk,user9,1-2-1,0
36_Walk/user9/1-2-2,36_Walk,user9,1-2-2,0
36_Walk/user9/1-2-3,36_Walk,user9,1-2-3,0
36_Walk/user9/2-2-1,36_Walk,user9,2-2-1,0
36_Walk/user9/2-2-2,36_Walk,user9,2-2-2,0
36_Walk/user9/2-2-3,36_Walk,user9,2-2-3,0
36_Walk/user9/2-3-1,36_Walk,user9,2-3-1,0
36_Walk/user9/2-3-2,36_Walk,user9,2-3-2,0
36_Walk/user9/2-3-3,36_Walk,user9,2-3-3,0
36_Walk/user9/3-2-1,36_Walk,user9,3-2-1,0
36_Walk/user9/3-2-2,36_Walk,user9,3-2-2,0
36_Walk/user9/3-2-3,36_Walk,user9,3-2-3,0
36_Walk/user9/3-3-1,36_Walk,user9,3-3-1,0
36_Walk/user9/3-3-2,36_Walk,user9,3-3-2,0
36_Walk/user9/3-3-3,36_Walk,user9,3-3-3,0
36_Walk/user9/4-2-1,36_Walk,user9,4-2-1,0
36_Walk/user9/4-2-2,36_Walk,user9,4-2-2,0
36_Walk/user9/4-2-3,36_Walk,user9,4-2-3,0
36_Walk/user9/4-3-1,36_Walk,user9,4-3-1,0
36_Walk/user9/4-3-2,36_Walk,user9,4-3-2,0
36_Walk/user9/4-3-3,36_Walk,user9,4-3-3,0
36_Walk/user9/5-3-1,36_Walk,user9,5-3-1,0
36_Walk/user9/5-3-2,36_Walk,user9,5-3-2,0
36_Walk/user9/5-3-3,36_Walk,user9,5-3-3,0
36_Walk/user9/7-2-1,36_Walk,user9,7-2-1,0
36_Walk/user9/7-2-2,36_Walk,user9,7-2-2,0
36_Walk/user9/7-2-3,36_Walk,user9,7-2-3,0
37_Take_medicine/user16/6-2-1,37_Take_medicine,user16,6-2-1,1
37_Take_medicine/user16/6-2-2,37_Take_medicine,user16,6-2-2,1
37_Take_medicine/user16/6-2-3,37_Take_medicine,user16,6-2-3,1
37_Take_medicine/user17/4-1-1,37_Take_medicine,user17,4-1-1,2
37_Take_medicine/user17/4-1-2,37_Take_medicine,user17,4-1-2,2
37_Take_medicine/user17/4-1-3,37_Take_medicine,user17,4-1-3,2
37_Take_medicine/user18/7-1-1,37_Take_medicine,user18,7-1-1,3
37_Take_medicine/user18/7-1-2,37_Take_medicine,user18,7-1-2,3
37_Take_medicine/user18/7-1-3,37_Take_medicine,user18,7-1-3,3
37_Take_medicine/user18/7-2-1,37_Take_medicine,user18,7-2-1,3
37_Take_medicine/user18/7-2-2,37_Take_medicine,user18,7-2-2,3
37_Take_medicine/user18/7-2-3,37_Take_medicine,user18,7-2-3,3
37_Take_medicine/user19/6-2-1,37_Take_medicine,user19,6-2-1,0
37_Take_medicine/user19/6-2-2,37_Take_medicine,user19,6-2-2,0
37_Take_medicine/user19/6-2-3,37_Take_medicine,user19,6-2-3,0
37_Take_medicine/user19/7-1-1,37_Take_medicine,user19,7-1-1,0
37_Take_medicine/user19/7-1-2,37_Take_medicine,user19,7-1-2,0
37_Take_medicine/user19/7-1-3,37_Take_medicine,user19,7-1-3,0
37_Take_medicine/user2/7-1-1,37_Take_medicine,user2,7-1-1,2
37_Take_medicine/user2/7-1-2,37_Take_medicine,user2,7-1-2,2
37_Take_medicine/user2/7-1-3,37_Take_medicine,user2,7-1-3,2
37_Take_medicine/user20/7-1-1,37_Take_medicine,user20,7-1-1,0
37_Take_medicine/user20/7-1-2,37_Take_medicine,user20,7-1-2,0
37_Take_medicine/user20/7-1-3,37_Take_medicine,user20,7-1-3,0
37_Take_medicine/user21/7-1-1,37_Take_medicine,user21,7-1-1,1
37_Take_medicine/user21/7-1-2,37_Take_medicine,user21,7-1-2,1
37_Take_medicine/user21/7-1-3,37_Take_medicine,user21,7-1-3,1
37_Take_medicine/user22/7-1-1,37_Take_medicine,user22,7-1-1,1
37_Take_medicine/user22/7-1-2,37_Take_medicine,user22,7-1-2,1
37_Take_medicine/user22/7-1-3,37_Take_medicine,user22,7-1-3,1
37_Take_medicine/user23/7-1-1,37_Take_medicine,user23,7-1-1,2
37_Take_medicine/user23/7-1-3,37_Take_medicine,user23,7-1-3,2
37_Take_medicine/user23/7-2-1,37_Take_medicine,user23,7-2-1,2
37_Take_medicine/user23/7-2-2,37_Take_medicine,user23,7-2-2,2
37_Take_medicine/user23/7-2-3,37_Take_medicine,user23,7-2-3,2
37_Take_medicine/user24/5-2-1,37_Take_medicine,user24,5-2-1,3
37_Take_medicine/user24/5-2-2,37_Take_medicine,user24,5-2-2,3
37_Take_medicine/user24/5-2-3,37_Take_medicine,user24,5-2-3,3
37_Take_medicine/user24/7-1-1,37_Take_medicine,user24,7-1-1,3
37_Take_medicine/user24/7-1-2,37_Take_medicine,user24,7-1-2,3
37_Take_medicine/user24/7-1-3,37_Take_medicine,user24,7-1-3,3
37_Take_medicine/user3/2-2-1,37_Take_medicine,user3,2-2-1,3
37_Take_medicine/user3/2-2-2,37_Take_medicine,user3,2-2-2,3
37_Take_medicine/user3/2-2-3,37_Take_medicine,user3,2-2-3,3
37_Take_medicine/user3/7-1-1,37_Take_medicine,user3,7-1-1,3
37_Take_medicine/user3/7-1-2,37_Take_medicine,user3,7-1-2,3
37_Take_medicine/user3/7-1-3,37_Take_medicine,user3,7-1-3,3
37_Take_medicine/user4/7-1-1,37_Take_medicine,user4,7-1-1,0
37_Take_medicine/user4/7-1-2,37_Take_medicine,user4,7-1-2,0
37_Take_medicine/user4/7-1-3,37_Take_medicine,user4,7-1-3,0
37_Take_medicine/user6/6-2-1,37_Take_medicine,user6,6-2-1,3
37_Take_medicine/user6/6-2-2,37_Take_medicine,user6,6-2-2,3
37_Take_medicine/user6/6-2-3,37_Take_medicine,user6,6-2-3,3
37_Take_medicine/user7/4-1-1,37_Take_medicine,user7,4-1-1,1
37_Take_medicine/user7/4-1-2,37_Take_medicine,user7,4-1-2,1
37_Take_medicine/user7/4-1-3,37_Take_medicine,user7,4-1-3,1
37_Take_medicine/user8/7-1-1,37_Take_medicine,user8,7-1-1,2
37_Take_medicine/user8/7-1-2,37_Take_medicine,user8,7-1-2,2
37_Take_medicine/user8/7-1-3,37_Take_medicine,user8,7-1-3,2
37_Take_medicine/user8/7-2-1,37_Take_medicine,user8,7-2-1,2
37_Take_medicine/user8/7-2-2,37_Take_medicine,user8,7-2-2,2
37_Take_medicine/user8/7-2-3,37_Take_medicine,user8,7-2-3,2
37_Take_medicine/user9/6-2-1,37_Take_medicine,user9,6-2-1,0
37_Take_medicine/user9/6-2-2,37_Take_medicine,user9,6-2-2,0
37_Take_medicine/user9/6-2-3,37_Take_medicine,user9,6-2-3,0
37_Take_medicine/user9/7-1-1,37_Take_medicine,user9,7-1-1,0
37_Take_medicine/user9/7-1-2,37_Take_medicine,user9,7-1-2,0
37_Take_medicine/user9/7-1-3,37_Take_medicine,user9,7-1-3,0
38_Massage_oneself/user1/7-1-1,38_Massage_oneself,user1,7-1-1,1
38_Massage_oneself/user1/7-1-2,38_Massage_oneself,user1,7-1-2,1
38_Massage_oneself/user1/7-1-3,38_Massage_oneself,user1,7-1-3,1
38_Massage_oneself/user16/7-1-1,38_Massage_oneself,user16,7-1-1,1
38_Massage_oneself/user16/7-1-2,38_Massage_oneself,user16,7-1-2,1
38_Massage_oneself/user16/7-1-3,38_Massage_oneself,user16,7-1-3,1
38_Massage_oneself/user18/7-1-1,38_Massage_oneself,user18,7-1-1,3
38_Massage_oneself/user18/7-1-2,38_Massage_oneself,user18,7-1-2,3
38_Massage_oneself/user18/7-1-3,38_Massage_oneself,user18,7-1-3,3
38_Massage_oneself/user19/5-3-1,38_Massage_oneself,user19,5-3-1,0
38_Massage_oneself/user19/5-3-2,38_Massage_oneself,user19,5-3-2,0
38_Massage_oneself/user19/5-3-3,38_Massage_oneself,user19,5-3-3,0
38_Massage_oneself/user19/7-1-1,38_Massage_oneself,user19,7-1-1,0
38_Massage_oneself/user19/7-1-2,38_Massage_oneself,user19,7-1-2,0
38_Massage_oneself/user2/2-2-1,38_Massage_oneself,user2,2-2-1,2
38_Massage_oneself/user2/2-2-2,38_Massage_oneself,user2,2-2-2,2
38_Massage_oneself/user2/2-2-3,38_Massage_oneself,user2,2-2-3,2
38_Massage_oneself/user2/7-3-1,38_Massage_oneself,user2,7-3-1,2
38_Massage_oneself/user2/7-3-2,38_Massage_oneself,user2,7-3-2,2
38_Massage_oneself/user2/7-3-3,38_Massage_oneself,user2,7-3-3,2
38_Massage_oneself/user20/6-2-1,38_Massage_oneself,user20,6-2-1,0
38_Massage_oneself/user20/6-2-2,38_Massage_oneself,user20,6-2-2,0
38_Massage_oneself/user20/6-2-3,38_Massage_oneself,user20,6-2-3,0
38_Massage_oneself/user20/7-1-1,38_Massage_oneself,user20,7-1-1,0
38_Massage_oneself/user20/7-1-2,38_Massage_oneself,user20,7-1-2,0
38_Massage_oneself/user20/7-1-3,38_Massage_oneself,user20,7-1-3,0
38_Massage_oneself/user21/3-2-1,38_Massage_oneself,user21,3-2-1,1
38_Massage_oneself/user21/3-2-2,38_Massage_oneself,user21,3-2-2,1
38_Massage_oneself/user21/3-2-3,38_Massage_oneself,user21,3-2-3,1
38_Massage_oneself/user21/7-1-1,38_Massage_oneself,user21,7-1-1,1
38_Massage_oneself/user21/7-1-2,38_Massage_oneself,user21,7-1-2,1
38_Massage_oneself/user21/7-1-3,38_Massage_oneself,user21,7-1-3,1
38_Massage_oneself/user21/7-2-1,38_Massage_oneself,user21,7-2-1,1
38_Massage_oneself/user21/7-2-2,38_Massage_oneself,user21,7-2-2,1
38_Massage_oneself/user21/7-2-3,38_Massage_oneself,user21,7-2-3,1
38_Massage_oneself/user22/5-1-1,38_Massage_oneself,user22,5-1-1,1
38_Massage_oneself/user22/5-1-2,38_Massage_oneself,user22,5-1-2,1
38_Massage_oneself/user22/5-1-3,38_Massage_oneself,user22,5-1-3,1
38_Massage_oneself/user22/6-2-1,38_Massage_oneself,user22,6-2-1,1
38_Massage_oneself/user22/6-2-2,38_Massage_oneself,user22,6-2-2,1
38_Massage_oneself/user22/6-2-3,38_Massage_oneself,user22,6-2-3,1
38_Massage_oneself/user23/2-2-1,38_Massage_oneself,user23,2-2-1,2
38_Massage_oneself/user23/2-2-2,38_Massage_oneself,user23,2-2-2,2
38_Massage_oneself/user23/2-2-3,38_Massage_oneself,user23,2-2-3,2
38_Massage_oneself/user23/7-1-1,38_Massage_oneself,user23,7-1-1,2
38_Massage_oneself/user23/7-1-2,38_Massage_oneself,user23,7-1-2,2
38_Massage_oneself/user23/7-1-3,38_Massage_oneself,user23,7-1-3,2
38_Massage_oneself/user24/4-3-1,38_Massage_oneself,user24,4-3-1,3
38_Massage_oneself/user24/4-3-2,38_Massage_oneself,user24,4-3-2,3
38_Massage_oneself/user24/4-3-3,38_Massage_oneself,user24,4-3-3,3
38_Massage_oneself/user24/7-1-1,38_Massage_oneself,user24,7-1-1,3
38_Massage_oneself/user24/7-1-2,38_Massage_oneself,user24,7-1-2,3
38_Massage_oneself/user24/7-1-3,38_Massage_oneself,user24,7-1-3,3
38_Massage_oneself/user3/2-2-1,38_Massage_oneself,user3,2-2-1,3
38_Massage_oneself/user3/2-2-2,38_Massage_oneself,user3,2-2-2,3
38_Massage_oneself/user3/2-2-3,38_Massage_oneself,user3,2-2-3,3
38_Massage_oneself/user3/7-1-1,38_Massage_oneself,user3,7-1-1,3
38_Massage_oneself/user3/7-1-2,38_Massage_oneself,user3,7-1-2,3
38_Massage_oneself/user3/7-1-3,38_Massage_oneself,user3,7-1-3,3
38_Massage_oneself/user6/7-1-1,38_Massage_oneself,user6,7-1-1,3
38_Massage_oneself/user6/7-1-2,38_Massage_oneself,user6,7-1-2,3
38_Massage_oneself/user6/7-1-3,38_Massage_oneself,user6,7-1-3,3
39_Take_body_temperature/user16/6-2-1,39_Take_body_temperature,user16,6-2-1,1
39_Take_body_temperature/user16/6-2-2,39_Take_body_temperature,user16,6-2-2,1
39_Take_body_temperature/user16/6-2-3,39_Take_body_temperature,user16,6-2-3,1
39_Take_body_temperature/user17/4-1-1,39_Take_body_temperature,user17,4-1-1,2
39_Take_body_temperature/user17/4-1-2,39_Take_body_temperature,user17,4-1-2,2
39_Take_body_temperature/user17/4-1-3,39_Take_body_temperature,user17,4-1-3,2
39_Take_body_temperature/user17/7-1-1,39_Take_body_temperature,user17,7-1-1,2
39_Take_body_temperature/user17/7-1-2,39_Take_body_temperature,user17,7-1-2,2
39_Take_body_temperature/user17/7-1-3,39_Take_body_temperature,user17,7-1-3,2
39_Take_body_temperature/user18/7-1-1,39_Take_body_temperature,user18,7-1-1,3
39_Take_body_temperature/user18/7-1-2,39_Take_body_temperature,user18,7-1-2,3
39_Take_body_temperature/user18/7-1-3,39_Take_body_temperature,user18,7-1-3,3
39_Take_body_temperature/user19/6-2-1,39_Take_body_temperature,user19,6-2-1,0
39_Take_body_temperature/user19/6-2-2,39_Take_body_temperature,user19,6-2-2,0
39_Take_body_temperature/user19/6-2-3,39_Take_body_temperature,user19,6-2-3,0
39_Take_body_temperature/user19/7-1-1,39_Take_body_temperature,user19,7-1-1,0
39_Take_body_temperature/user19/7-1-2,39_Take_body_temperature,user19,7-1-2,0
39_Take_body_temperature/user19/7-1-3,39_Take_body_temperature,user19,7-1-3,0
39_Take_body_temperature/user2/2-2-1,39_Take_body_temperature,user2,2-2-1,2
39_Take_body_temperature/user2/2-2-2,39_Take_body_temperature,user2,2-2-2,2
39_Take_body_temperature/user2/2-2-3,39_Take_body_temperature,user2,2-2-3,2
39_Take_body_temperature/user21/3-2-1,39_Take_body_temperature,user21,3-2-1,1
39_Take_body_temperature/user21/3-2-2,39_Take_body_temperature,user21,3-2-2,1
39_Take_body_temperature/user21/3-2-3,39_Take_body_temperature,user21,3-2-3,1
39_Take_body_temperature/user21/6-1-1,39_Take_body_temperature,user21,6-1-1,1
39_Take_body_temperature/user21/6-1-2,39_Take_body_temperature,user21,6-1-2,1
39_Take_body_temperature/user21/6-1-3,39_Take_body_temperature,user21,6-1-3,1
39_Take_body_temperature/user22/5-1-1,39_Take_body_temperature,user22,5-1-1,1
39_Take_body_temperature/user22/5-1-2,39_Take_body_temperature,user22,5-1-2,1
39_Take_body_temperature/user22/5-1-3,39_Take_body_temperature,user22,5-1-3,1
39_Take_body_temperature/user23/7-2-1,39_Take_body_temperature,user23,7-2-1,2
39_Take_body_temperature/user23/7-2-2,39_Take_body_temperature,user23,7-2-2,2
39_Take_body_temperature/user23/7-2-3,39_Take_body_temperature,user23,7-2-3,2
39_Take_body_temperature/user24/5-2-1,39_Take_body_temperature,user24,5-2-1,3
39_Take_body_temperature/user24/5-2-2,39_Take_body_temperature,user24,5-2-2,3
39_Take_body_temperature/user24/5-2-3,39_Take_body_temperature,user24,5-2-3,3
39_Take_body_temperature/user24/7-1-1,39_Take_body_temperature,user24,7-1-1,3
39_Take_body_temperature/user24/7-1-2,39_Take_body_temperature,user24,7-1-2,3
39_Take_body_temperature/user24/7-1-3,39_Take_body_temperature,user24,7-1-3,3
39_Take_body_temperature/user3/2-2-2,39_Take_body_temperature,user3,2-2-2,3
39_Take_body_temperature/user3/2-2-3,39_Take_body_temperature,user3,2-2-3,3
39_Take_body_temperature/user6/6-2-1,39_Take_body_temperature,user6,6-2-1,3
39_Take_body_temperature/user6/6-2-2,39_Take_body_temperature,user6,6-2-2,3
39_Take_body_temperature/user6/6-2-3,39_Take_body_temperature,user6,6-2-3,3
39_Take_body_temperature/user7/4-1-1,39_Take_body_temperature,user7,4-1-1,1
39_Take_body_temperature/user7/4-1-3,39_Take_body_temperature,user7,4-1-3,1
39_Take_body_temperature/user7/7-1-1,39_Take_body_temperature,user7,7-1-1,1
39_Take_body_temperature/user7/7-1-2,39_Take_body_temperature,user7,7-1-2,1
39_Take_body_temperature/user7/7-1-3,39_Take_body_temperature,user7,7-1-3,1
39_Take_body_temperature/user9/6-2-1,39_Take_body_temperature,user9,6-2-1,0
39_Take_body_temperature/user9/6-2-2,39_Take_body_temperature,user9,6-2-2,0
39_Take_body_temperature/user9/6-2-3,39_Take_body_temperature,user9,6-2-3,0
39_Take_body_temperature/user9/7-1-1,39_Take_body_temperature,user9,7-1-1,0
39_Take_body_temperature/user9/7-1-2,39_Take_body_temperature,user9,7-1-2,0
39_Take_body_temperature/user9/7-1-3,39_Take_body_temperature,user9,7-1-3,0
3_Take_off_clothes/user17/6-1-1,3_Take_off_clothes,user17,6-1-1,2
3_Take_off_clothes/user17/6-1-2,3_Take_off_clothes,user17,6-1-2,2
3_Take_off_clothes/user17/6-1-3,3_Take_off_clothes,user17,6-1-3,2
3_Take_off_clothes/user18/6-1-1,3_Take_off_clothes,user18,6-1-1,3
3_Take_off_clothes/user18/6-1-2,3_Take_off_clothes,user18,6-1-2,3
3_Take_off_clothes/user18/6-1-3,3_Take_off_clothes,user18,6-1-3,3
3_Take_off_clothes/user18/7-1-1,3_Take_off_clothes,user18,7-1-1,3
3_Take_off_clothes/user18/7-1-2,3_Take_off_clothes,user18,7-1-2,3
3_Take_off_clothes/user18/7-1-3,3_Take_off_clothes,user18,7-1-3,3
3_Take_off_clothes/user19/3-1-1,3_Take_off_clothes,user19,3-1-1,0
3_Take_off_clothes/user19/3-1-2,3_Take_off_clothes,user19,3-1-2,0
3_Take_off_clothes/user19/3-1-3,3_Take_off_clothes,user19,3-1-3,0
3_Take_off_clothes/user22/6-1-1,3_Take_off_clothes,user22,6-1-1,1
3_Take_off_clothes/user22/6-1-2,3_Take_off_clothes,user22,6-1-2,1
3_Take_off_clothes/user22/6-1-3,3_Take_off_clothes,user22,6-1-3,1
3_Take_off_clothes/user22/7-2-1,3_Take_off_clothes,user22,7-2-1,1
3_Take_off_clothes/user22/7-2-2,3_Take_off_clothes,user22,7-2-2,1
3_Take_off_clothes/user22/7-2-3,3_Take_off_clothes,user22,7-2-3,1
3_Take_off_clothes/user23/4-3-1,3_Take_off_clothes,user23,4-3-1,2
3_Take_off_clothes/user23/4-3-2,3_Take_off_clothes,user23,4-3-2,2
3_Take_off_clothes/user23/4-3-3,3_Take_off_clothes,user23,4-3-3,2
3_Take_off_clothes/user23/5-2-1,3_Take_off_clothes,user23,5-2-1,2
3_Take_off_clothes/user23/5-2-2,3_Take_off_clothes,user23,5-2-2,2
3_Take_off_clothes/user23/5-2-3,3_Take_off_clothes,user23,5-2-3,2
3_Take_off_clothes/user4/5-2-2,3_Take_off_clothes,user4,5-2-2,0
3_Take_off_clothes/user4/5-2-3,3_Take_off_clothes,user4,5-2-3,0
3_Take_off_clothes/user7/5-1-1,3_Take_off_clothes,user7,5-1-1,1
3_Take_off_clothes/user7/5-1-2,3_Take_off_clothes,user7,5-1-2,1
3_Take_off_clothes/user7/5-1-3,3_Take_off_clothes,user7,5-1-3,1
3_Take_off_clothes/user7/6-1-1,3_Take_off_clothes,user7,6-1-1,1
3_Take_off_clothes/user7/6-1-2,3_Take_off_clothes,user7,6-1-2,1
3_Take_off_clothes/user7/6-1-3,3_Take_off_clothes,user7,6-1-3,1
3_Take_off_clothes/user8/6-1-1,3_Take_off_clothes,user8,6-1-1,2
3_Take_off_clothes/user8/6-1-2,3_Take_off_clothes,user8,6-1-2,2
3_Take_off_clothes/user8/6-1-3,3_Take_off_clothes,user8,6-1-3,2
3_Take_off_clothes/user8/7-1-1,3_Take_off_clothes,user8,7-1-1,2
3_Take_off_clothes/user8/7-1-2,3_Take_off_clothes,user8,7-1-2,2
3_Take_off_clothes/user8/7-1-3,3_Take_off_clothes,user8,7-1-3,2
3_Take_off_clothes/user9/3-1-1,3_Take_off_clothes,user9,3-1-1,0
3_Take_off_clothes/user9/3-1-2,3_Take_off_clothes,user9,3-1-2,0
3_Take_off_clothes/user9/3-1-3,3_Take_off_clothes,user9,3-1-3,0
4_Wipe_hands/user1/1-1-1,4_Wipe_hands,user1,1-1-1,1
4_Wipe_hands/user16/2-2-1,4_Wipe_hands,user16,2-2-1,1
4_Wipe_hands/user16/2-2-2,4_Wipe_hands,user16,2-2-2,1
4_Wipe_hands/user16/2-2-3,4_Wipe_hands,user16,2-2-3,1
4_Wipe_hands/user17/1-1-1,4_Wipe_hands,user17,1-1-1,2
4_Wipe_hands/user17/1-1-2,4_Wipe_hands,user17,1-1-2,2
4_Wipe_hands/user17/1-1-3,4_Wipe_hands,user17,1-1-3,2
4_Wipe_hands/user17/7-2-1,4_Wipe_hands,user17,7-2-1,2
4_Wipe_hands/user17/7-2-2,4_Wipe_hands,user17,7-2-2,2
4_Wipe_hands/user17/7-2-3,4_Wipe_hands,user17,7-2-3,2
4_Wipe_hands/user18/1-1-1,4_Wipe_hands,user18,1-1-1,3
4_Wipe_hands/user18/1-1-2,4_Wipe_hands,user18,1-1-2,3
4_Wipe_hands/user18/1-1-3,4_Wipe_hands,user18,1-1-3,3
4_Wipe_hands/user18/7-1-1,4_Wipe_hands,user18,7-1-1,3
4_Wipe_hands/user18/7-1-2,4_Wipe_hands,user18,7-1-2,3
4_Wipe_hands/user18/7-1-3,4_Wipe_hands,user18,7-1-3,3
4_Wipe_hands/user19/1-1-1,4_Wipe_hands,user19,1-1-1,0
4_Wipe_hands/user19/1-1-2,4_Wipe_hands,user19,1-1-2,0
4_Wipe_hands/user19/1-1-3,4_Wipe_hands,user19,1-1-3,0
4_Wipe_hands/user19/5-2-1,4_Wipe_hands,user19,5-2-1,0
4_Wipe_hands/user19/5-2-2,4_Wipe_hands,user19,5-2-2,0
4_Wipe_hands/user19/5-2-3,4_Wipe_hands,user19,5-2-3,0
4_Wipe_hands/user2/2-2-1,4_Wipe_hands,user2,2-2-1,2
4_Wipe_hands/user2/2-2-2,4_Wipe_hands,user2,2-2-2,2
4_Wipe_hands/user2/2-2-3,4_Wipe_hands,user2,2-2-3,2
4_Wipe_hands/user2/7-3-3,4_Wipe_hands,user2,7-3-3,2
4_Wipe_hands/user20/6-2-1,4_Wipe_hands,user20,6-2-1,0
4_Wipe_hands/user20/6-2-2,4_Wipe_hands,user20,6-2-2,0
4_Wipe_hands/user20/6-2-3,4_Wipe_hands,user20,6-2-3,0
4_Wipe_hands/user21/1-1-1,4_Wipe_hands,user21,1-1-1,1
4_Wipe_hands/user21/1-1-2,4_Wipe_hands,user21,1-1-2,1
4_Wipe_hands/user21/1-1-3,4_Wipe_hands,user21,1-1-3,1
4_Wipe_hands/user21/7-2-1,4_Wipe_hands,user21,7-2-1,1
4_Wipe_hands/user21/7-2-2,4_Wipe_hands,user21,7-2-2,1
4_Wipe_hands/user21/7-2-3,4_Wipe_hands,user21,7-2-3,1
4_Wipe_hands/user22/1-1-2,4_Wipe_hands,user22,1-1-2,1
4_Wipe_hands/user22/1-1-3,4_Wipe_hands,user22,1-1-3,1
4_Wipe_hands/user22/6-2-1,4_Wipe_hands,user22,6-2-1,1
4_Wipe_hands/user22/6-2-2,4_Wipe_hands,user22,6-2-2,1
4_Wipe_hands/user22/6-2-3,4_Wipe_hands,user22,6-2-3,1
4_Wipe_hands/user23/1-1-1,4_Wipe_hands,user23,1-1-1,2
4_Wipe_hands/user23/1-1-2,4_Wipe_hands,user23,1-1-2,2
4_Wipe_hands/user23/1-1-3,4_Wipe_hands,user23,1-1-3,2
4_Wipe_hands/user24/6-2-1,4_Wipe_hands,user24,6-2-1,3
4_Wipe_hands/user24/6-2-2,4_Wipe_hands,user24,6-2-2,3
4_Wipe_hands/user24/6-2-3,4_Wipe_hands,user24,6-2-3,3
4_Wipe_hands/user4/1-1-1,4_Wipe_hands,user4,1-1-1,0
4_Wipe_hands/user4/1-1-2,4_Wipe_hands,user4,1-1-2,0
4_Wipe_hands/user4/1-1-3,4_Wipe_hands,user4,1-1-3,0
4_Wipe_hands/user6/2-2-1,4_Wipe_hands,user6,2-2-1,3
4_Wipe_hands/user6/2-2-2,4_Wipe_hands,user6,2-2-2,3
4_Wipe_hands/user6/2-2-3,4_Wipe_hands,user6,2-2-3,3
4_Wipe_hands/user7/1-1-1,4_Wipe_hands,user7,1-1-1,1
4_Wipe_hands/user7/1-1-2,4_Wipe_hands,user7,1-1-2,1
4_Wipe_hands/user7/1-1-3,4_Wipe_hands,user7,1-1-3,1
4_Wipe_hands/user7/7-2-1,4_Wipe_hands,user7,7-2-1,1
4_Wipe_hands/user7/7-2-2,4_Wipe_hands,user7,7-2-2,1
4_Wipe_hands/user7/7-2-3,4_Wipe_hands,user7,7-2-3,1
4_Wipe_hands/user8/1-1-1,4_Wipe_hands,user8,1-1-1,2
4_Wipe_hands/user8/1-1-2,4_Wipe_hands,user8,1-1-2,2
4_Wipe_hands/user8/1-1-3,4_Wipe_hands,user8,1-1-3,2
4_Wipe_hands/user8/7-1-1,4_Wipe_hands,user8,7-1-1,2
4_Wipe_hands/user8/7-1-2,4_Wipe_hands,user8,7-1-2,2
4_Wipe_hands/user8/7-1-3,4_Wipe_hands,user8,7-1-3,2
4_Wipe_hands/user9/1-1-1,4_Wipe_hands,user9,1-1-1,0
4_Wipe_hands/user9/1-1-2,4_Wipe_hands,user9,1-1-2,0
4_Wipe_hands/user9/1-1-3,4_Wipe_hands,user9,1-1-3,0
4_Wipe_hands/user9/5-2-1,4_Wipe_hands,user9,5-2-1,0
4_Wipe_hands/user9/5-2-2,4_Wipe_hands,user9,5-2-2,0
4_Wipe_hands/user9/5-2-3,4_Wipe_hands,user9,5-2-3,0
5_Put_on_clothes/user1/1-1-1,5_Put_on_clothes,user1,1-1-1,1
5_Put_on_clothes/user1/1-1-2,5_Put_on_clothes,user1,1-1-2,1
5_Put_on_clothes/user1/1-1-3,5_Put_on_clothes,user1,1-1-3,1
5_Put_on_clothes/user17/1-1-1,5_Put_on_clothes,user17,1-1-1,2
5_Put_on_clothes/user17/1-1-2,5_Put_on_clothes,user17,1-1-2,2
5_Put_on_clothes/user17/1-1-3,5_Put_on_clothes,user17,1-1-3,2
5_Put_on_clothes/user17/6-1-1,5_Put_on_clothes,user17,6-1-1,2
5_Put_on_clothes/user17/6-1-2,5_Put_on_clothes,user17,6-1-2,2
5_Put_on_clothes/user17/6-1-3,5_Put_on_clothes,user17,6-1-3,2
5_Put_on_clothes/user18/6-1-1,5_Put_on_clothes,user18,6-1-1,3
5_Put_on_clothes/user18/6-1-2,5_Put_on_clothes,user18,6-1-2,3
5_Put_on_clothes/user18/6-1-3,5_Put_on_clothes,user18,6-1-3,3
5_Put_on_clothes/user18/7-1-1,5_Put_on_clothes,user18,7-1-1,3
5_Put_on_clothes/user18/7-1-2,5_Put_on_clothes,user18,7-1-2,3
5_Put_on_clothes/user18/7-1-3,5_Put_on_clothes,user18,7-1-3,3
5_Put_on_clothes/user19/1-1-1,5_Put_on_clothes,user19,1-1-1,0
5_Put_on_clothes/user19/1-1-2,5_Put_on_clothes,user19,1-1-2,0
5_Put_on_clothes/user19/1-1-3,5_Put_on_clothes,user19,1-1-3,0
5_Put_on_clothes/user21/6-1-1,5_Put_on_clothes,user21,6-1-1,1
5_Put_on_clothes/user21/6-1-2,5_Put_on_clothes,user21,6-1-2,1
5_Put_on_clothes/user21/6-1-3,5_Put_on_clothes,user21,6-1-3,1
5_Put_on_clothes/user22/2-2-1,5_Put_on_clothes,user22,2-2-1,1
5_Put_on_clothes/user22/2-2-2,5_Put_on_clothes,user22,2-2-2,1
5_Put_on_clothes/user22/2-2-3,5_Put_on_clothes,user22,2-2-3,1
5_Put_on_clothes/user22/6-1-1,5_Put_on_clothes,user22,6-1-1,1
5_Put_on_clothes/user22/6-1-2,5_Put_on_clothes,user22,6-1-2,1
5_Put_on_clothes/user22/6-1-3,5_Put_on_clothes,user22,6-1-3,1
5_Put_on_clothes/user22/7-2-1,5_Put_on_clothes,user22,7-2-1,1
5_Put_on_clothes/user22/7-2-2,5_Put_on_clothes,user22,7-2-2,1
5_Put_on_clothes/user22/7-2-3,5_Put_on_clothes,user22,7-2-3,1
5_Put_on_clothes/user23/4-3-1,5_Put_on_clothes,user23,4-3-1,2
5_Put_on_clothes/user23/4-3-2,5_Put_on_clothes,user23,4-3-2,2
5_Put_on_clothes/user23/4-3-3,5_Put_on_clothes,user23,4-3-3,2
5_Put_on_clothes/user23/5-2-1,5_Put_on_clothes,user23,5-2-1,2
5_Put_on_clothes/user23/5-2-2,5_Put_on_clothes,user23,5-2-2,2
5_Put_on_clothes/user23/5-2-3,5_Put_on_clothes,user23,5-2-3,2
5_Put_on_clothes/user3/1-1-1,5_Put_on_clothes,user3,1-1-1,3
5_Put_on_clothes/user3/1-1-2,5_Put_on_clothes,user3,1-1-2,3
5_Put_on_clothes/user3/1-1-3,5_Put_on_clothes,user3,1-1-3,3
5_Put_on_clothes/user4/5-2-1,5_Put_on_clothes,user4,5-2-1,0
5_Put_on_clothes/user4/5-2-2,5_Put_on_clothes,user4,5-2-2,0
5_Put_on_clothes/user4/5-2-3,5_Put_on_clothes,user4,5-2-3,0
5_Put_on_clothes/user7/1-1-1,5_Put_on_clothes,user7,1-1-1,1
5_Put_on_clothes/user7/1-1-2,5_Put_on_clothes,user7,1-1-2,1
5_Put_on_clothes/user7/1-1-3,5_Put_on_clothes,user7,1-1-3,1
5_Put_on_clothes/user7/6-1-1,5_Put_on_clothes,user7,6-1-1,1
5_Put_on_clothes/user7/6-1-2,5_Put_on_clothes,user7,6-1-2,1
5_Put_on_clothes/user7/6-1-3,5_Put_on_clothes,user7,6-1-3,1
5_Put_on_clothes/user8/6-1-1,5_Put_on_clothes,user8,6-1-1,2
5_Put_on_clothes/user8/6-1-2,5_Put_on_clothes,user8,6-1-2,2
5_Put_on_clothes/user8/6-1-3,5_Put_on_clothes,user8,6-1-3,2
5_Put_on_clothes/user8/7-1-1,5_Put_on_clothes,user8,7-1-1,2
5_Put_on_clothes/user8/7-1-2,5_Put_on_clothes,user8,7-1-2,2
5_Put_on_clothes/user8/7-1-3,5_Put_on_clothes,user8,7-1-3,2
5_Put_on_clothes/user9/1-1-1,5_Put_on_clothes,user9,1-1-1,0
5_Put_on_clothes/user9/1-1-2,5_Put_on_clothes,user9,1-1-2,0
5_Put_on_clothes/user9/1-1-3,5_Put_on_clothes,user9,1-1-3,0
6_Drink_water/user1/4-1-1,6_Drink_water,user1,4-1-1,1
6_Drink_water/user1/4-1-2,6_Drink_water,user1,4-1-2,1
6_Drink_water/user1/4-1-3,6_Drink_water,user1,4-1-3,1
6_Drink_water/user1/5-1-1,6_Drink_water,user1,5-1-1,1
6_Drink_water/user1/5-1-2,6_Drink_water,user1,5-1-2,1
6_Drink_water/user1/5-1-3,6_Drink_water,user1,5-1-3,1
6_Drink_water/user16/1-2-1,6_Drink_water,user16,1-2-1,1
6_Drink_water/user16/1-2-2,6_Drink_water,user16,1-2-2,1
6_Drink_water/user16/1-2-3,6_Drink_water,user16,1-2-3,1
6_Drink_water/user16/3-2-1,6_Drink_water,user16,3-2-1,1
6_Drink_water/user16/3-2-2,6_Drink_water,user16,3-2-2,1
6_Drink_water/user16/3-2-3,6_Drink_water,user16,3-2-3,1
6_Drink_water/user16/5-3-1,6_Drink_water,user16,5-3-1,1
6_Drink_water/user16/5-3-2,6_Drink_water,user16,5-3-2,1
6_Drink_water/user16/5-3-3,6_Drink_water,user16,5-3-3,1
6_Drink_water/user16/6-2-1,6_Drink_water,user16,6-2-1,1
6_Drink_water/user16/6-2-2,6_Drink_water,user16,6-2-2,1
6_Drink_water/user16/6-2-3,6_Drink_water,user16,6-2-3,1
6_Drink_water/user18/6-2-1,6_Drink_water,user18,6-2-1,3
6_Drink_water/user18/6-2-3,6_Drink_water,user18,6-2-3,3
6_Drink_water/user19/3-2-1,6_Drink_water,user19,3-2-1,0
6_Drink_water/user19/3-2-2,6_Drink_water,user19,3-2-2,0
6_Drink_water/user19/3-2-3,6_Drink_water,user19,3-2-3,0
6_Drink_water/user19/7-2-1,6_Drink_water,user19,7-2-1,0
6_Drink_water/user19/7-2-2,6_Drink_water,user19,7-2-2,0
6_Drink_water/user19/7-2-3,6_Drink_water,user19,7-2-3,0
6_Drink_water/user2/1-2-1,6_Drink_water,user2,1-2-1,2
6_Drink_water/user2/1-2-2,6_Drink_water,user2,1-2-2,2
6_Drink_water/user2/1-2-3,6_Drink_water,user2,1-2-3,2
6_Drink_water/user2/2-1-1,6_Drink_water,user2,2-1-1,2
6_Drink_water/user2/2-1-2,6_Drink_water,user2,2-1-2,2
6_Drink_water/user2/2-1-3,6_Drink_water,user2,2-1-3,2
6_Drink_water/user2/2-2-1,6_Drink_water,user2,2-2-1,2
6_Drink_water/user2/2-2-2,6_Drink_water,user2,2-2-2,2
6_Drink_water/user2/2-2-3,6_Drink_water,user2,2-2-3,2
6_Drink_water/user2/4-2-1,6_Drink_water,user2,4-2-1,2
6_Drink_water/user2/4-2-2,6_Drink_water,user2,4-2-2,2
6_Drink_water/user2/4-2-3,6_Drink_water,user2,4-2-3,2
6_Drink_water/user20/2-1-1,6_Drink_water,user20,2-1-1,0
6_Drink_water/user20/2-1-2,6_Drink_water,user20,2-1-2,0
6_Drink_water/user20/2-1-3,6_Drink_water,user20,2-1-3,0
6_Drink_water/user20/4-1-1,6_Drink_water,user20,4-1-1,0
6_Drink_water/user20/4-1-2,6_Drink_water,user20,4-1-2,0
6_Drink_water/user20/4-1-3,6_Drink_water,user20,4-1-3,0
6_Drink_water/user21/6-2-1,6_Drink_water,user21,6-2-1,1
6_Drink_water/user21/6-2-2,6_Drink_water,user21,6-2-2,1
6_Drink_water/user21/6-2-3,6_Drink_water,user21,6-2-3,1
6_Drink_water/user21/7-1-1,6_Drink_water,user21,7-1-1,1
6_Drink_water/user21/7-1-2,6_Drink_water,user21,7-1-2,1
6_Drink_water/user21/7-1-3,6_Drink_water,user21,7-1-3,1
6_Drink_water/user22/2-1-1,6_Drink_water,user22,2-1-1,1
6_Drink_water/user22/2-1-2,6_Drink_water,user22,2-1-2,1
6_Drink_water/user22/2-1-3,6_Drink_water,user22,2-1-3,1
6_Drink_water/user22/4-3-1,6_Drink_water,user22,4-3-1,1
6_Drink_water/user22/4-3-2,6_Drink_water,user22,4-3-2,1
6_Drink_water/user22/4-3-3,6_Drink_water,user22,4-3-3,1
6_Drink_water/user22/6-2-1,6_Drink_water,user22,6-2-1,1
6_Drink_water/user22/6-2-2,6_Drink_water,user22,6-2-2,1
6_Drink_water/user22/6-2-3,6_Drink_water,user22,6-2-3,1
6_Drink_water/user23/5-3-3,6_Drink_water,user23,5-3-3,2
6_Drink_water/user24/2-1-1,6_Drink_water,user24,2-1-1,3
6_Drink_water/user24/2-1-2,6_Drink_water,user24,2-1-2,3
6_Drink_water/user24/2-1-3,6_Drink_water,user24,2-1-3,3
6_Drink_water/user24/4-2-1,6_Drink_water,user24,4-2-1,3
6_Drink_water/user24/4-2-2,6_Drink_water,user24,4-2-2,3
6_Drink_water/user24/4-2-3,6_Drink_water,user24,4-2-3,3
6_Drink_water/user3/1-2-1,6_Drink_water,user3,1-2-1,3
6_Drink_water/user3/1-2-2,6_Drink_water,user3,1-2-2,3
6_Drink_water/user3/1-2-3,6_Drink_water,user3,1-2-3,3
6_Drink_water/user3/4-1-1,6_Drink_water,user3,4-1-1,3
6_Drink_water/user3/4-1-2,6_Drink_water,user3,4-1-2,3
6_Drink_water/user3/4-1-3,6_Drink_water,user3,4-1-3,3
6_Drink_water/user3/5-1-1,6_Drink_water,user3,5-1-1,3
6_Drink_water/user3/5-1-2,6_Drink_water,user3,5-1-2,3
6_Drink_water/user3/5-1-3,6_Drink_water,user3,5-1-3,3
6_Drink_water/user4/2-1-1,6_Drink_water,user4,2-1-1,0
6_Drink_water/user4/2-1-2,6_Drink_water,user4,2-1-2,0
6_Drink_water/user4/2-1-3,6_Drink_water,user4,2-1-3,0
6_Drink_water/user4/4-2-1,6_Drink_water,user4,4-2-1,0
6_Drink_water/user4/4-2-2,6_Drink_water,user4,4-2-2,0
6_Drink_water/user4/4-2-3,6_Drink_water,user4,4-2-3,0
6_Drink_water/user5/1-2-1,6_Drink_water,user5,1-2-1,0
6_Drink_water/user5/1-2-2,6_Drink_water,user5,1-2-2,0
6_Drink_water/user5/1-2-3,6_Drink_water,user5,1-2-3,0
6_Drink_water/user5/2-1-1,6_Drink_water,user5,2-1-1,0
6_Drink_water/user5/2-1-2,6_Drink_water,user5,2-1-2,0
6_Drink_water/user5/2-1-3,6_Drink_water,user5,2-1-3,0
6_Drink_water/user5/3-2-1,6_Drink_water,user5,3-2-1,0
6_Drink_water/user5/3-2-2,6_Drink_water,user5,3-2-2,0
6_Drink_water/user5/3-2-3,6_Drink_water,user5,3-2-3,0
6_Drink_water/user5/6-2-1,6_Drink_water,user5,6-2-1,0
6_Drink_water/user5/6-2-2,6_Drink_water,user5,6-2-2,0
6_Drink_water/user5/6-2-3,6_Drink_water,user5,6-2-3,0
6_Drink_water/user5/7-2-1,6_Drink_water,user5,7-2-1,0
6_Drink_water/user5/7-2-2,6_Drink_water,user5,7-2-2,0
6_Drink_water/user5/7-2-3,6_Drink_water,user5,7-2-3,0
6_Drink_water/user6/1-2-1,6_Drink_water,user6,1-2-1,3
6_Drink_water/user6/1-2-2,6_Drink_water,user6,1-2-2,3
6_Drink_water/user6/1-2-3,6_Drink_water,user6,1-2-3,3
6_Drink_water/user6/3-2-1,6_Drink_water,user6,3-2-1,3
6_Drink_water/user6/3-2-2,6_Drink_water,user6,3-2-2,3
6_Drink_water/user6/3-2-3,6_Drink_water,user6,3-2-3,3
6_Drink_water/user6/5-3-1,6_Drink_water,user6,5-3-1,3
6_Drink_water/user6/5-3-2,6_Drink_water,user6,5-3-2,3
6_Drink_water/user6/5-3-3,6_Drink_water,user6,5-3-3,3
6_Drink_water/user6/6-2-1,6_Drink_water,user6,6-2-1,3
6_Drink_water/user6/6-2-2,6_Drink_water,user6,6-2-2,3
6_Drink_water/user6/6-2-3,6_Drink_water,user6,6-2-3,3
6_Drink_water/user7/5-2-1,6_Drink_water,user7,5-2-1,1
6_Drink_water/user7/5-2-2,6_Drink_water,user7,5-2-2,1
6_Drink_water/user7/5-2-3,6_Drink_water,user7,5-2-3,1
6_Drink_water/user8/6-2-1,6_Drink_water,user8,6-2-1,2
6_Drink_water/user8/6-2-2,6_Drink_water,user8,6-2-2,2
6_Drink_water/user8/6-2-3,6_Drink_water,user8,6-2-3,2
6_Drink_water/user9/3-2-1,6_Drink_water,user9,3-2-1,0
6_Drink_water/user9/3-2-2,6_Drink_water,user9,3-2-2,0
6_Drink_water/user9/3-2-3,6_Drink_water,user9,3-2-3,0
6_Drink_water/user9/7-2-1,6_Drink_water,user9,7-2-1,0
6_Drink_water/user9/7-2-2,6_Drink_water,user9,7-2-2,0
6_Drink_water/user9/7-2-3,6_Drink_water,user9,7-2-3,0
7_Eat_food/user1/1-2-1,7_Eat_food,user1,1-2-1,1
7_Eat_food/user1/1-2-2,7_Eat_food,user1,1-2-2,1
7_Eat_food/user1/3-1-1,7_Eat_food,user1,3-1-1,1
7_Eat_food/user1/3-1-2,7_Eat_food,user1,3-1-2,1
7_Eat_food/user1/3-1-3,7_Eat_food,user1,3-1-3,1
7_Eat_food/user1/4-1-1,7_Eat_food,user1,4-1-1,1
7_Eat_food/user1/4-1-2,7_Eat_food,user1,4-1-2,1
7_Eat_food/user1/4-1-3,7_Eat_food,user1,4-1-3,1
7_Eat_food/user1/6-1-1,7_Eat_food,user1,6-1-1,1
7_Eat_food/user1/6-1-2,7_Eat_food,user1,6-1-2,1
7_Eat_food/user1/6-1-3,7_Eat_food,user1,6-1-3,1
7_Eat_food/user16/1-2-1,7_Eat_food,user16,1-2-1,1
7_Eat_food/user16/1-2-2,7_Eat_food,user16,1-2-2,1
7_Eat_food/user16/1-2-3,7_Eat_food,user16,1-2-3,1
7_Eat_food/user16/5-2-1,7_Eat_food,user16,5-2-1,1
7_Eat_food/user16/5-2-2,7_Eat_food,user16,5-2-2,1
7_Eat_food/user16/5-2-3,7_Eat_food,user16,5-2-3,1
7_Eat_food/user16/6-2-1,7_Eat_food,user16,6-2-1,1
7_Eat_food/user16/6-2-2,7_Eat_food,user16,6-2-2,1
7_Eat_food/user16/6-2-3,7_Eat_food,user16,6-2-3,1
7_Eat_food/user16/7-2-1,7_Eat_food,user16,7-2-1,1
7_Eat_food/user16/7-2-2,7_Eat_food,user16,7-2-2,1
7_Eat_food/user16/7-2-3,7_Eat_food,user16,7-2-3,1
7_Eat_food/user17/1-2-1,7_Eat_food,user17,1-2-1,2
7_Eat_food/user17/1-2-2,7_Eat_food,user17,1-2-2,2
7_Eat_food/user17/1-2-3,7_Eat_food,user17,1-2-3,2
7_Eat_food/user17/2-2-1,7_Eat_food,user17,2-2-1,2
7_Eat_food/user17/2-2-2,7_Eat_food,user17,2-2-2,2
7_Eat_food/user17/2-2-3,7_Eat_food,user17,2-2-3,2
7_Eat_food/user17/3-2-1,7_Eat_food,user17,3-2-1,2
7_Eat_food/user17/3-2-2,7_Eat_food,user17,3-2-2,2
7_Eat_food/user17/3-2-3,7_Eat_food,user17,3-2-3,2
7_Eat_food/user17/5-2-1,7_Eat_food,user17,5-2-1,2
7_Eat_food/user17/5-2-2,7_Eat_food,user17,5-2-2,2
7_Eat_food/user17/5-2-3,7_Eat_food,user17,5-2-3,2
7_Eat_food/user17/7-2-1,7_Eat_food,user17,7-2-1,2
7_Eat_food/user17/7-2-2,7_Eat_food,user17,7-2-2,2
7_Eat_food/user17/7-2-3,7_Eat_food,user17,7-2-3,2
7_Eat_food/user18/7-2-1,7_Eat_food,user18,7-2-1,3
7_Eat_food/user18/7-2-2,7_Eat_food,user18,7-2-2,3
7_Eat_food/user18/7-2-3,7_Eat_food,user18,7-2-3,3
7_Eat_food/user19/7-2-1,7_Eat_food,user19,7-2-1,0
7_Eat_food/user19/7-2-2,7_Eat_food,user19,7-2-2,0
7_Eat_food/user19/7-2-3,7_Eat_food,user19,7-2-3,0
7_Eat_food/user2/1-2-1,7_Eat_food,user2,1-2-1,2
7_Eat_food/user2/1-2-2,7_Eat_food,user2,1-2-2,2
7_Eat_food/user2/1-2-3,7_Eat_food,user2,1-2-3,2
7_Eat_food/user2/2-1-1,7_Eat_food,user2,2-1-1,2
7_Eat_food/user2/2-1-2,7_Eat_food,user2,2-1-2,2
7_Eat_food/user2/2-1-3,7_Eat_food,user2,2-1-3,2
7_Eat_food/user2/2-2-1,7_Eat_food,user2,2-2-1,2
7_Eat_food/user2/2-2-2,7_Eat_food,user2,2-2-2,2
7_Eat_food/user2/2-2-3,7_Eat_food,user2,2-2-3,2
7_Eat_food/user2/4-2-1,7_Eat_food,user2,4-2-1,2
7_Eat_food/user2/4-2-2,7_Eat_food,user2,4-2-2,2
7_Eat_food/user2/4-2-3,7_Eat_food,user2,4-2-3,2
7_Eat_food/user2/7-2-1,7_Eat_food,user2,7-2-1,2
7_Eat_food/user2/7-2-2,7_Eat_food,user2,7-2-2,2
7_Eat_food/user2/7-2-3,7_Eat_food,user2,7-2-3,2
7_Eat_food/user20/2-1-1,7_Eat_food,user20,2-1-1,0
7_Eat_food/user20/2-1-2,7_Eat_food,user20,2-1-2,0
7_Eat_food/user20/2-1-3,7_Eat_food,user20,2-1-3,0
7_Eat_food/user20/3-1-1,7_Eat_food,user20,3-1-1,0
7_Eat_food/user20/3-1-2,7_Eat_food,user20,3-1-2,0
7_Eat_food/user20/3-1-3,7_Eat_food,user20,3-1-3,0
7_Eat_food/user20/7-1-1,7_Eat_food,user20,7-1-1,0
7_Eat_food/user20/7-1-2,7_Eat_food,user20,7-1-2,0
7_Eat_food/user20/7-1-3,7_Eat_food,user20,7-1-3,0
7_Eat_food/user21/7-1-1,7_Eat_food,user21,7-1-1,1
7_Eat_food/user21/7-1-2,7_Eat_food,user21,7-1-2,1
7_Eat_food/user21/7-1-3,7_Eat_food,user21,7-1-3,1
7_Eat_food/user22/3-1-1,7_Eat_food,user22,3-1-1,1
7_Eat_food/user22/3-1-2,7_Eat_food,user22,3-1-2,1
7_Eat_food/user22/3-3-1,7_Eat_food,user22,3-3-1,1
7_Eat_food/user22/3-3-2,7_Eat_food,user22,3-3-2,1
7_Eat_food/user22/3-3-3,7_Eat_food,user22,3-3-3,1
7_Eat_food/user22/4-3-1,7_Eat_food,user22,4-3-1,1
7_Eat_food/user22/4-3-2,7_Eat_food,user22,4-3-2,1
7_Eat_food/user22/4-3-3,7_Eat_food,user22,4-3-3,1
7_Eat_food/user22/6-2-1,7_Eat_food,user22,6-2-1,1
7_Eat_food/user22/6-2-2,7_Eat_food,user22,6-2-2,1
7_Eat_food/user22/6-2-3,7_Eat_food,user22,6-2-3,1
7_Eat_food/user23/2-3-1,7_Eat_food,user23,2-3-1,2
7_Eat_food/user23/2-3-2,7_Eat_food,user23,2-3-2,2
7_Eat_food/user23/2-3-3,7_Eat_food,user23,2-3-3,2
7_Eat_food/user24/2-1-1,7_Eat_food,user24,2-1-1,3
7_Eat_food/user24/2-1-2,7_Eat_food,user24,2-1-2,3
7_Eat_food/user24/2-1-3,7_Eat_food,user24,2-1-3,3
7_Eat_food/user3/4-1-1,7_Eat_food,user3,4-1-1,3
7_Eat_food/user3/4-1-2,7_Eat_food,user3,4-1-2,3
7_Eat_food/user3/4-1-3,7_Eat_food,user3,4-1-3,3
7_Eat_food/user3/5-2-1,7_Eat_food,user3,5-2-1,3
7_Eat_food/user3/5-2-2,7_Eat_food,user3,5-2-2,3
7_Eat_food/user3/5-2-3,7_Eat_food,user3,5-2-3,3
7_Eat_food/user3/6-1-1,7_Eat_food,user3,6-1-1,3
7_Eat_food/user3/6-1-2,7_Eat_food,user3,6-1-2,3
7_Eat_food/user3/6-1-3,7_Eat_food,user3,6-1-3,3
7_Eat_food/user3/7-1-1,7_Eat_food,user3,7-1-1,3
7_Eat_food/user3/7-1-2,7_Eat_food,user3,7-1-2,3
7_Eat_food/user3/7-1-3,7_Eat_food,user3,7-1-3,3
7_Eat_food/user4/1-2-2,7_Eat_food,user4,1-2-2,0
7_Eat_food/user4/1-2-3,7_Eat_food,user4,1-2-3,0
7_Eat_food/user4/2-1-1,7_Eat_food,user4,2-1-1,0
7_Eat_food/user4/2-1-2,7_Eat_food,user4,2-1-2,0
7_Eat_food/user4/2-1-3,7_Eat_food,user4,2-1-3,0
7_Eat_food/user4/5-1-1,7_Eat_food,user4,5-1-1,0
7_Eat_food/user4/5-1-2,7_Eat_food,user4,5-1-2,0
7_Eat_food/user4/5-1-3,7_Eat_food,user4,5-1-3,0
7_Eat_food/user4/7-2-1,7_Eat_food,user4,7-2-1,0
7_Eat_food/user4/7-2-2,7_Eat_food,user4,7-2-2,0
7_Eat_food/user4/7-2-3,7_Eat_food,user4,7-2-3,0
7_Eat_food/user5/1-2-1,7_Eat_food,user5,1-2-1,0
7_Eat_food/user5/1-2-2,7_Eat_food,user5,1-2-2,0
7_Eat_food/user5/1-2-3,7_Eat_food,user5,1-2-3,0
7_Eat_food/user5/2-1-1,7_Eat_food,user5,2-1-1,0
7_Eat_food/user5/2-1-2,7_Eat_food,user5,2-1-2,0
7_Eat_food/user5/2-1-3,7_Eat_food,user5,2-1-3,0
7_Eat_food/user5/3-2-1,7_Eat_food,user5,3-2-1,0
7_Eat_food/user5/3-2-2,7_Eat_food,user5,3-2-2,0
7_Eat_food/user5/3-2-3,7_Eat_food,user5,3-2-3,0
7_Eat_food/user5/6-2-1,7_Eat_food,user5,6-2-1,0
7_Eat_food/user5/6-2-2,7_Eat_food,user5,6-2-2,0
7_Eat_food/user5/6-2-3,7_Eat_food,user5,6-2-3,0
7_Eat_food/user6/1-2-1,7_Eat_food,user6,1-2-1,3
7_Eat_food/user6/1-2-2,7_Eat_food,user6,1-2-2,3
7_Eat_food/user6/1-2-3,7_Eat_food,user6,1-2-3,3
7_Eat_food/user6/5-2-1,7_Eat_food,user6,5-2-1,3
7_Eat_food/user6/5-2-2,7_Eat_food,user6,5-2-2,3
7_Eat_food/user6/5-2-3,7_Eat_food,user6,5-2-3,3
7_Eat_food/user6/6-2-1,7_Eat_food,user6,6-2-1,3
7_Eat_food/user6/6-2-3,7_Eat_food,user6,6-2-3,3
7_Eat_food/user6/7-2-1,7_Eat_food,user6,7-2-1,3
7_Eat_food/user6/7-2-2,7_Eat_food,user6,7-2-2,3
7_Eat_food/user6/7-2-3,7_Eat_food,user6,7-2-3,3
7_Eat_food/user7/1-2-1,7_Eat_food,user7,1-2-1,1
7_Eat_food/user7/1-2-2,7_Eat_food,user7,1-2-2,1
7_Eat_food/user7/1-2-3,7_Eat_food,user7,1-2-3,1
7_Eat_food/user7/2-2-1,7_Eat_food,user7,2-2-1,1
7_Eat_food/user7/2-2-2,7_Eat_food,user7,2-2-2,1
7_Eat_food/user7/2-2-3,7_Eat_food,user7,2-2-3,1
7_Eat_food/user7/3-2-1,7_Eat_food,user7,3-2-1,1
7_Eat_food/user7/3-2-2,7_Eat_food,user7,3-2-2,1
7_Eat_food/user7/3-2-3,7_Eat_food,user7,3-2-3,1
7_Eat_food/user7/5-3-1,7_Eat_food,user7,5-3-1,1
7_Eat_food/user7/5-3-2,7_Eat_food,user7,5-3-2,1
7_Eat_food/user7/5-3-3,7_Eat_food,user7,5-3-3,1
7_Eat_food/user7/7-2-1,7_Eat_food,user7,7-2-1,1
7_Eat_food/user7/7-2-2,7_Eat_food,user7,7-2-2,1
7_Eat_food/user8/7-2-1,7_Eat_food,user8,7-2-1,2
7_Eat_food/user8/7-2-2,7_Eat_food,user8,7-2-2,2
7_Eat_food/user8/7-2-3,7_Eat_food,user8,7-2-3,2
7_Eat_food/user9/7-2-1,7_Eat_food,user9,7-2-1,0
7_Eat_food/user9/7-2-2,7_Eat_food,user9,7-2-2,0
7_Eat_food/user9/7-2-3,7_Eat_food,user9,7-2-3,0
8_Take_and_use_tableware/user1/1-2-1,8_Take_and_use_tableware,user1,1-2-1,1
8_Take_and_use_tableware/user1/1-2-2,8_Take_and_use_tableware,user1,1-2-2,1
8_Take_and_use_tableware/user1/2-1-1,8_Take_and_use_tableware,user1,2-1-1,1
8_Take_and_use_tableware/user1/2-1-2,8_Take_and_use_tableware,user1,2-1-2,1
8_Take_and_use_tableware/user1/2-1-3,8_Take_and_use_tableware,user1,2-1-3,1
8_Take_and_use_tableware/user1/4-1-1,8_Take_and_use_tableware,user1,4-1-1,1
8_Take_and_use_tableware/user1/4-1-2,8_Take_and_use_tableware,user1,4-1-2,1
8_Take_and_use_tableware/user1/5-1-1,8_Take_and_use_tableware,user1,5-1-1,1
8_Take_and_use_tableware/user1/5-1-2,8_Take_and_use_tableware,user1,5-1-2,1
8_Take_and_use_tableware/user1/5-1-3,8_Take_and_use_tableware,user1,5-1-3,1
8_Take_and_use_tableware/user16/6-2-1,8_Take_and_use_tableware,user16,6-2-1,1
8_Take_and_use_tableware/user16/6-2-2,8_Take_and_use_tableware,user16,6-2-2,1
8_Take_and_use_tableware/user16/6-2-3,8_Take_and_use_tableware,user16,6-2-3,1
8_Take_and_use_tableware/user17/1-2-1,8_Take_and_use_tableware,user17,1-2-1,2
8_Take_and_use_tableware/user17/1-2-2,8_Take_and_use_tableware,user17,1-2-2,2
8_Take_and_use_tableware/user17/1-2-3,8_Take_and_use_tableware,user17,1-2-3,2
8_Take_and_use_tableware/user17/2-1-1,8_Take_and_use_tableware,user17,2-1-1,2
8_Take_and_use_tableware/user17/2-1-2,8_Take_and_use_tableware,user17,2-1-2,2
8_Take_and_use_tableware/user17/2-1-3,8_Take_and_use_tableware,user17,2-1-3,2
8_Take_and_use_tableware/user17/3-2-1,8_Take_and_use_tableware,user17,3-2-1,2
8_Take_and_use_tableware/user17/3-2-2,8_Take_and_use_tableware,user17,3-2-2,2
8_Take_and_use_tableware/user17/3-2-3,8_Take_and_use_tableware,user17,3-2-3,2
8_Take_and_use_tableware/user19/7-2-1,8_Take_and_use_tableware,user19,7-2-1,0
8_Take_and_use_tableware/user19/7-2-2,8_Take_and_use_tableware,user19,7-2-2,0
8_Take_and_use_tableware/user19/7-2-3,8_Take_and_use_tableware,user19,7-2-3,0
8_Take_and_use_tableware/user2/1-2-1,8_Take_and_use_tableware,user2,1-2-1,2
8_Take_and_use_tableware/user2/1-2-2,8_Take_and_use_tableware,user2,1-2-2,2
8_Take_and_use_tableware/user2/1-2-3,8_Take_and_use_tableware,user2,1-2-3,2
8_Take_and_use_tableware/user2/2-1-1,8_Take_and_use_tableware,user2,2-1-1,2
8_Take_and_use_tableware/user2/2-1-2,8_Take_and_use_tableware,user2,2-1-2,2
8_Take_and_use_tableware/user2/2-1-3,8_Take_and_use_tableware,user2,2-1-3,2
8_Take_and_use_tableware/user2/2-2-1,8_Take_and_use_tableware,user2,2-2-1,2
8_Take_and_use_tableware/user2/2-2-2,8_Take_and_use_tableware,user2,2-2-2,2
8_Take_and_use_tableware/user2/2-2-3,8_Take_and_use_tableware,user2,2-2-3,2
8_Take_and_use_tableware/user2/4-2-1,8_Take_and_use_tableware,user2,4-2-1,2
8_Take_and_use_tableware/user2/4-2-2,8_Take_and_use_tableware,user2,4-2-2,2
8_Take_and_use_tableware/user2/4-2-3,8_Take_and_use_tableware,user2,4-2-3,2
8_Take_and_use_tableware/user20/2-1-1,8_Take_and_use_tableware,user20,2-1-1,0
8_Take_and_use_tableware/user20/2-1-2,8_Take_and_use_tableware,user20,2-1-2,0
8_Take_and_use_tableware/user20/2-1-3,8_Take_and_use_tableware,user20,2-1-3,0
8_Take_and_use_tableware/user21/2-1-1,8_Take_and_use_tableware,user21,2-1-1,1
8_Take_and_use_tableware/user21/2-1-2,8_Take_and_use_tableware,user21,2-1-2,1
8_Take_and_use_tableware/user21/2-1-3,8_Take_and_use_tableware,user21,2-1-3,1
8_Take_and_use_tableware/user21/3-1-1,8_Take_and_use_tableware,user21,3-1-1,1
8_Take_and_use_tableware/user21/7-1-1,8_Take_and_use_tableware,user21,7-1-1,1
8_Take_and_use_tableware/user21/7-1-2,8_Take_and_use_tableware,user21,7-1-2,1
8_Take_and_use_tableware/user21/7-1-3,8_Take_and_use_tableware,user21,7-1-3,1
8_Take_and_use_tableware/user22/2-1-1,8_Take_and_use_tableware,user22,2-1-1,1
8_Take_and_use_tableware/user22/2-1-2,8_Take_and_use_tableware,user22,2-1-2,1
8_Take_and_use_tableware/user22/2-1-3,8_Take_and_use_tableware,user22,2-1-3,1
8_Take_and_use_tableware/user22/6-2-1,8_Take_and_use_tableware,user22,6-2-1,1
8_Take_and_use_tableware/user22/6-2-2,8_Take_and_use_tableware,user22,6-2-2,1
8_Take_and_use_tableware/user22/6-2-3,8_Take_and_use_tableware,user22,6-2-3,1
8_Take_and_use_tableware/user3/4-1-1,8_Take_and_use_tableware,user3,4-1-1,3
8_Take_and_use_tableware/user3/4-1-2,8_Take_and_use_tableware,user3,4-1-2,3
8_Take_and_use_tableware/user3/4-1-3,8_Take_and_use_tableware,user3,4-1-3,3
8_Take_and_use_tableware/user3/5-1-1,8_Take_and_use_tableware,user3,5-1-1,3
8_Take_and_use_tableware/user3/5-1-2,8_Take_and_use_tableware,user3,5-1-2,3
8_Take_and_use_tableware/user3/5-1-3,8_Take_and_use_tableware,user3,5-1-3,3
8_Take_and_use_tableware/user3/5-2-1,8_Take_and_use_tableware,user3,5-2-1,3
8_Take_and_use_tableware/user3/5-2-2,8_Take_and_use_tableware,user3,5-2-2,3
8_Take_and_use_tableware/user3/5-2-3,8_Take_and_use_tableware,user3,5-2-3,3
8_Take_and_use_tableware/user3/6-1-1,8_Take_and_use_tableware,user3,6-1-1,3
8_Take_and_use_tableware/user3/6-1-2,8_Take_and_use_tableware,user3,6-1-2,3
8_Take_and_use_tableware/user3/6-1-3,8_Take_and_use_tableware,user3,6-1-3,3
8_Take_and_use_tableware/user4/1-2-1,8_Take_and_use_tableware,user4,1-2-1,0
8_Take_and_use_tableware/user4/1-2-2,8_Take_and_use_tableware,user4,1-2-2,0
8_Take_and_use_tableware/user4/2-1-1,8_Take_and_use_tableware,user4,2-1-1,0
8_Take_and_use_tableware/user4/2-1-2,8_Take_and_use_tableware,user4,2-1-2,0
8_Take_and_use_tableware/user4/2-1-3,8_Take_and_use_tableware,user4,2-1-3,0
8_Take_and_use_tableware/user6/1-2-1,8_Take_and_use_tableware,user6,1-2-1,3
8_Take_and_use_tableware/user6/1-2-2,8_Take_and_use_tableware,user6,1-2-2,3
8_Take_and_use_tableware/user6/1-2-3,8_Take_and_use_tableware,user6,1-2-3,3
8_Take_and_use_tableware/user6/2-1-1,8_Take_and_use_tableware,user6,2-1-1,3
8_Take_and_use_tableware/user6/2-1-2,8_Take_and_use_tableware,user6,2-1-2,3
8_Take_and_use_tableware/user6/2-1-3,8_Take_and_use_tableware,user6,2-1-3,3
8_Take_and_use_tableware/user6/2-3-1,8_Take_and_use_tableware,user6,2-3-1,3
8_Take_and_use_tableware/user6/2-3-2,8_Take_and_use_tableware,user6,2-3-2,3
8_Take_and_use_tableware/user6/2-3-3,8_Take_and_use_tableware,user6,2-3-3,3
8_Take_and_use_tableware/user6/6-2-1,8_Take_and_use_tableware,user6,6-2-1,3
8_Take_and_use_tableware/user6/6-2-2,8_Take_and_use_tableware,user6,6-2-2,3
8_Take_and_use_tableware/user6/6-2-3,8_Take_and_use_tableware,user6,6-2-3,3
8_Take_and_use_tableware/user6/7-2-1,8_Take_and_use_tableware,user6,7-2-1,3
8_Take_and_use_tableware/user6/7-2-2,8_Take_and_use_tableware,user6,7-2-2,3
8_Take_and_use_tableware/user6/7-2-3,8_Take_and_use_tableware,user6,7-2-3,3
8_Take_and_use_tableware/user7/1-2-1,8_Take_and_use_tableware,user7,1-2-1,1
8_Take_and_use_tableware/user7/1-2-2,8_Take_and_use_tableware,user7,1-2-2,1
8_Take_and_use_tableware/user7/1-2-3,8_Take_and_use_tableware,user7,1-2-3,1
8_Take_and_use_tableware/user7/2-1-1,8_Take_and_use_tableware,user7,2-1-1,1
8_Take_and_use_tableware/user7/2-1-2,8_Take_and_use_tableware,user7,2-1-2,1
8_Take_and_use_tableware/user7/2-1-3,8_Take_and_use_tableware,user7,2-1-3,1
8_Take_and_use_tableware/user7/3-2-1,8_Take_and_use_tableware,user7,3-2-1,1
8_Take_and_use_tableware/user7/3-2-2,8_Take_and_use_tableware,user7,3-2-2,1
8_Take_and_use_tableware/user7/3-2-3,8_Take_and_use_tableware,user7,3-2-3,1
8_Take_and_use_tableware/user7/5-3-1,8_Take_and_use_tableware,user7,5-3-1,1
8_Take_and_use_tableware/user7/5-3-2,8_Take_and_use_tableware,user7,5-3-2,1
8_Take_and_use_tableware/user7/5-3-3,8_Take_and_use_tableware,user7,5-3-3,1
9_Pour_drinks/user1/2-1-1,9_Pour_drinks,user1,2-1-1,1
9_Pour_drinks/user1/2-1-2,9_Pour_drinks,user1,2-1-2,1
9_Pour_drinks/user1/2-1-3,9_Pour_drinks,user1,2-1-3,1
9_Pour_drinks/user1/4-1-1,9_Pour_drinks,user1,4-1-1,1
9_Pour_drinks/user1/4-1-2,9_Pour_drinks,user1,4-1-2,1
9_Pour_drinks/user1/4-1-3,9_Pour_drinks,user1,4-1-3,1
9_Pour_drinks/user16/1-2-1,9_Pour_drinks,user16,1-2-1,1
9_Pour_drinks/user16/1-2-2,9_Pour_drinks,user16,1-2-2,1
9_Pour_drinks/user16/1-2-3,9_Pour_drinks,user16,1-2-3,1
9_Pour_drinks/user16/2-1-1,9_Pour_drinks,user16,2-1-1,1
9_Pour_drinks/user16/2-1-2,9_Pour_drinks,user16,2-1-2,1
9_Pour_drinks/user16/2-1-3,9_Pour_drinks,user16,2-1-3,1
9_Pour_drinks/user16/7-2-1,9_Pour_drinks,user16,7-2-1,1
9_Pour_drinks/user16/7-2-2,9_Pour_drinks,user16,7-2-2,1
9_Pour_drinks/user16/7-2-3,9_Pour_drinks,user16,7-2-3,1
9_Pour_drinks/user17/1-2-1,9_Pour_drinks,user17,1-2-1,2
9_Pour_drinks/user17/1-2-2,9_Pour_drinks,user17,1-2-2,2
9_Pour_drinks/user17/1-2-3,9_Pour_drinks,user17,1-2-3,2
9_Pour_drinks/user17/2-1-1,9_Pour_drinks,user17,2-1-1,2
9_Pour_drinks/user17/2-1-2,9_Pour_drinks,user17,2-1-2,2
9_Pour_drinks/user17/2-1-3,9_Pour_drinks,user17,2-1-3,2
9_Pour_drinks/user17/5-2-1,9_Pour_drinks,user17,5-2-1,2
9_Pour_drinks/user17/5-2-2,9_Pour_drinks,user17,5-2-2,2
9_Pour_drinks/user17/5-2-3,9_Pour_drinks,user17,5-2-3,2
9_Pour_drinks/user18/3-2-1,9_Pour_drinks,user18,3-2-1,3
9_Pour_drinks/user18/3-2-2,9_Pour_drinks,user18,3-2-2,3
9_Pour_drinks/user18/3-2-3,9_Pour_drinks,user18,3-2-3,3
9_Pour_drinks/user18/4-2-1,9_Pour_drinks,user18,4-2-1,3
9_Pour_drinks/user18/4-2-2,9_Pour_drinks,user18,4-2-2,3
9_Pour_drinks/user18/4-2-3,9_Pour_drinks,user18,4-2-3,3
9_Pour_drinks/user18/7-2-1,9_Pour_drinks,user18,7-2-1,3
9_Pour_drinks/user18/7-2-2,9_Pour_drinks,user18,7-2-2,3
9_Pour_drinks/user18/7-2-3,9_Pour_drinks,user18,7-2-3,3
9_Pour_drinks/user19/2-1-1,9_Pour_drinks,user19,2-1-1,0
9_Pour_drinks/user19/2-1-2,9_Pour_drinks,user19,2-1-2,0
9_Pour_drinks/user19/2-1-3,9_Pour_drinks,user19,2-1-3,0
9_Pour_drinks/user19/3-2-1,9_Pour_drinks,user19,3-2-1,0
9_Pour_drinks/user19/3-2-2,9_Pour_drinks,user19,3-2-2,0
9_Pour_drinks/user19/3-2-3,9_Pour_drinks,user19,3-2-3,0
9_Pour_drinks/user19/7-2-1,9_Pour_drinks,user19,7-2-1,0
9_Pour_drinks/user19/7-2-2,9_Pour_drinks,user19,7-2-2,0
9_Pour_drinks/user19/7-2-3,9_Pour_drinks,user19,7-2-3,0
9_Pour_drinks/user2/2-1-1,9_Pour_drinks,user2,2-1-1,2
9_Pour_drinks/user2/2-1-2,9_Pour_drinks,user2,2-1-2,2
9_Pour_drinks/user2/2-1-3,9_Pour_drinks,user2,2-1-3,2
9_Pour_drinks/user2/6-1-1,9_Pour_drinks,user2,6-1-1,2
9_Pour_drinks/user20/2-1-1,9_Pour_drinks,user20,2-1-1,0
9_Pour_drinks/user20/2-1-2,9_Pour_drinks,user20,2-1-2,0
9_Pour_drinks/user20/2-1-3,9_Pour_drinks,user20,2-1-3,0
9_Pour_drinks/user20/3-1-1,9_Pour_drinks,user20,3-1-1,0
9_Pour_drinks/user20/3-1-2,9_Pour_drinks,user20,3-1-2,0
9_Pour_drinks/user20/3-1-3,9_Pour_drinks,user20,3-1-3,0
9_Pour_drinks/user20/5-1-1,9_Pour_drinks,user20,5-1-1,0
9_Pour_drinks/user20/5-1-2,9_Pour_drinks,user20,5-1-2,0
9_Pour_drinks/user20/5-1-3,9_Pour_drinks,user20,5-1-3,0
9_Pour_drinks/user20/6-3-1,9_Pour_drinks,user20,6-3-1,0
9_Pour_drinks/user20/6-3-2,9_Pour_drinks,user20,6-3-2,0
9_Pour_drinks/user20/6-3-3,9_Pour_drinks,user20,6-3-3,0
9_Pour_drinks/user20/7-1-1,9_Pour_drinks,user20,7-1-1,0
9_Pour_drinks/user20/7-1-2,9_Pour_drinks,user20,7-1-2,0
9_Pour_drinks/user20/7-1-3,9_Pour_drinks,user20,7-1-3,0
9_Pour_drinks/user21/6-2-1,9_Pour_drinks,user21,6-2-1,1
9_Pour_drinks/user21/6-2-2,9_Pour_drinks,user21,6-2-2,1
9_Pour_drinks/user21/6-2-3,9_Pour_drinks,user21,6-2-3,1
9_Pour_drinks/user22/2-1-1,9_Pour_drinks,user22,2-1-1,1
9_Pour_drinks/user22/2-1-2,9_Pour_drinks,user22,2-1-2,1
9_Pour_drinks/user22/2-1-3,9_Pour_drinks,user22,2-1-3,1
9_Pour_drinks/user22/4-3-1,9_Pour_drinks,user22,4-3-1,1
9_Pour_drinks/user22/4-3-2,9_Pour_drinks,user22,4-3-2,1
9_Pour_drinks/user22/4-3-3,9_Pour_drinks,user22,4-3-3,1
9_Pour_drinks/user23/5-3-3,9_Pour_drinks,user23,5-3-3,2
9_Pour_drinks/user3/5-1-1,9_Pour_drinks,user3,5-1-1,3
9_Pour_drinks/user3/5-1-2,9_Pour_drinks,user3,5-1-2,3
9_Pour_drinks/user3/5-1-3,9_Pour_drinks,user3,5-1-3,3
9_Pour_drinks/user3/7-1-1,9_Pour_drinks,user3,7-1-1,3
9_Pour_drinks/user3/7-1-2,9_Pour_drinks,user3,7-1-2,3
9_Pour_drinks/user3/7-1-3,9_Pour_drinks,user3,7-1-3,3
9_Pour_drinks/user4/1-2-1,9_Pour_drinks,user4,1-2-1,0
9_Pour_drinks/user4/1-2-2,9_Pour_drinks,user4,1-2-2,0
9_Pour_drinks/user4/1-2-3,9_Pour_drinks,user4,1-2-3,0
9_Pour_drinks/user4/6-1-1,9_Pour_drinks,user4,6-1-1,0
9_Pour_drinks/user4/6-1-2,9_Pour_drinks,user4,6-1-2,0
9_Pour_drinks/user4/6-1-3,9_Pour_drinks,user4,6-1-3,0
9_Pour_drinks/user5/1-2-1,9_Pour_drinks,user5,1-2-1,0
9_Pour_drinks/user5/1-2-2,9_Pour_drinks,user5,1-2-2,0
9_Pour_drinks/user5/1-2-3,9_Pour_drinks,user5,1-2-3,0
9_Pour_drinks/user5/3-2-1,9_Pour_drinks,user5,3-2-1,0
9_Pour_drinks/user5/3-2-2,9_Pour_drinks,user5,3-2-2,0
9_Pour_drinks/user5/3-2-3,9_Pour_drinks,user5,3-2-3,0
9_Pour_drinks/user5/4-2-1,9_Pour_drinks,user5,4-2-1,0
9_Pour_drinks/user5/4-2-2,9_Pour_drinks,user5,4-2-2,0
9_Pour_drinks/user5/4-2-3,9_Pour_drinks,user5,4-2-3,0
9_Pour_drinks/user5/7-2-1,9_Pour_drinks,user5,7-2-1,0
9_Pour_drinks/user5/7-2-2,9_Pour_drinks,user5,7-2-2,0
9_Pour_drinks/user5/7-2-3,9_Pour_drinks,user5,7-2-3,0
9_Pour_drinks/user6/1-2-1,9_Pour_drinks,user6,1-2-1,3
9_Pour_drinks/user6/1-2-2,9_Pour_drinks,user6,1-2-2,3
9_Pour_drinks/user6/1-2-3,9_Pour_drinks,user6,1-2-3,3
9_Pour_drinks/user6/2-1-1,9_Pour_drinks,user6,2-1-1,3
9_Pour_drinks/user6/2-1-2,9_Pour_drinks,user6,2-1-2,3
9_Pour_drinks/user6/2-1-3,9_Pour_drinks,user6,2-1-3,3
9_Pour_drinks/user6/7-2-1,9_Pour_drinks,user6,7-2-1,3
9_Pour_drinks/user6/7-2-2,9_Pour_drinks,user6,7-2-2,3
9_Pour_drinks/user6/7-2-3,9_Pour_drinks,user6,7-2-3,3
9_Pour_drinks/user7/1-2-1,9_Pour_drinks,user7,1-2-1,1
9_Pour_drinks/user7/1-2-2,9_Pour_drinks,user7,1-2-2,1
9_Pour_drinks/user7/1-2-3,9_Pour_drinks,user7,1-2-3,1
9_Pour_drinks/user7/2-1-1,9_Pour_drinks,user7,2-1-1,1
9_Pour_drinks/user7/2-1-2,9_Pour_drinks,user7,2-1-2,1
9_Pour_drinks/user7/2-1-3,9_Pour_drinks,user7,2-1-3,1
9_Pour_drinks/user7/5-2-1,9_Pour_drinks,user7,5-2-1,1
9_Pour_drinks/user7/5-2-2,9_Pour_drinks,user7,5-2-2,1
9_Pour_drinks/user7/5-2-3,9_Pour_drinks,user7,5-2-3,1
9_Pour_drinks/user8/3-2-1,9_Pour_drinks,user8,3-2-1,2
9_Pour_drinks/user8/3-2-2,9_Pour_drinks,user8,3-2-2,2
9_Pour_drinks/user8/3-2-3,9_Pour_drinks,user8,3-2-3,2
9_Pour_drinks/user8/4-2-1,9_Pour_drinks,user8,4-2-1,2
9_Pour_drinks/user8/4-2-2,9_Pour_drinks,user8,4-2-2,2
9_Pour_drinks/user8/4-2-3,9_Pour_drinks,user8,4-2-3,2
9_Pour_drinks/user8/7-2-1,9_Pour_drinks,user8,7-2-1,2
9_Pour_drinks/user8/7-2-2,9_Pour_drinks,user8,7-2-2,2
9_Pour_drinks/user8/7-2-3,9_Pour_drinks,user8,7-2-3,2
9_Pour_drinks/user9/2-1-1,9_Pour_drinks,user9,2-1-1,0
9_Pour_drinks/user9/2-1-2,9_Pour_drinks,user9,2-1-2,0
9_Pour_drinks/user9/2-1-3,9_Pour_drinks,user9,2-1-3,0
9_Pour_drinks/user9/3-2-1,9_Pour_drinks,user9,3-2-1,0
9_Pour_drinks/user9/3-2-2,9_Pour_drinks,user9,3-2-2,0
9_Pour_drinks/user9/3-2-3,9_Pour_drinks,user9,3-2-3,0
9_Pour_drinks/user9/7-2-1,9_Pour_drinks,user9,7-2-1,0
9_Pour_drinks/user9/7-2-2,9_Pour_drinks,user9,7-2-2,0
9_Pour_drinks/user9/7-2-3,9_Pour_drinks,user9,7-2-3,0
